sn,rowid,dirxn,iaf_id,ijo_id,src,addadi,r117,upd34,dd,kcat_max
1,23PDE7pp,1,R_23PDE7pp,23PDE7pp,E. coli,7.63,NA,NA,NA,7.63
2,23PDE9pp,1,R_23PDE9pp,23PDE9pp,E. coli,1.97,NA,NA,NA,1.97
3,3NTD2pp,1,R_3NTD2pp,3NTD2pp,NA,NA,0.23,NA,NA,0.23
4,3NTD9pp,1,R_3NTD9pp,3NTD9pp,NA,NA,8.04,NA,NA,8.04
5,3OAR100,1,R_3OAR100,3OAR100,All organisms,71,NA,NA,NA,71
6,3OAR120,1,R_3OAR120,3OAR120,All organisms,71,NA,NA,NA,71
7,3OAR121,1,R_3OAR121,3OAR121,All organisms,71,NA,NA,NA,71
8,3OAR140,1,R_3OAR140,3OAR140,All organisms,71,NA,NA,1.3,71
9,3OAR141,1,R_3OAR141,3OAR141,All organisms,71,NA,NA,NA,71
10,3OAR160,1,R_3OAR160,3OAR160,All organisms,71,NA,NA,NA,71
11,3OAR161,1,R_3OAR161,3OAR161,All organisms,71,NA,NA,NA,71
12,3OAR180,1,R_3OAR180,3OAR180,All organisms,71,NA,NA,NA,71
13,3OAR181,1,R_3OAR181,3OAR181,All organisms,71,NA,NA,NA,71
14,3OAR40,1,R_3OAR40,3OAR40,All organisms,71,NA,NA,NA,71
15,3OAR60,1,R_3OAR60,3OAR60,All organisms,71,NA,NA,NA,71
16,3OAR80,1,R_3OAR80,3OAR80,All organisms,71,NA,NA,NA,71
17,3OAS100,1,R_3OAS100,3OAS100,All organisms,0.05165,NA,3,NA,3
18,3OAS120,1,R_3OAS120,3OAS120,All organisms,0.05165,NA,3,NA,3
19,3OAS121,1,R_3OAS121,3OAS121,All organisms,0.05165,NA,3,NA,3
20,3OAS140,1,R_3OAS140,3OAS140,All organisms,0.05165,NA,3,NA,3
21,3OAS141,1,R_3OAS141,3OAS141,All organisms,0.05165,NA,3,NA,3
22,3OAS160,1,R_3OAS160,3OAS160,All organisms,0.05165,NA,3,NA,3
23,3OAS161,1,R_3OAS161,3OAS161,All organisms,0.05165,NA,3,NA,3
24,3OAS180,1,R_3OAS180,3OAS180,All organisms,0.05165,NA,3,NA,3
25,3OAS181,1,R_3OAS181,3OAS181,All organisms,0.05165,NA,NA,NA,0.05165
26,3OAS60,1,R_3OAS60,3OAS60,All organisms,0.05165,NA,3,NA,3
27,3OAS80,1,R_3OAS80,3OAS80,All organisms,0.05165,NA,3,NA,3
28,42A12BOOXpp,1,R_42A12BOOXpp,42A12BOOXpp,All organisms,33.1032,NA,NA,NA,33.1032
29,A5PISO,1,R_A5PISO,A5PISO,E. coli,172,NA,NA,NA,172
30,A5PISO_b,-1,R_A5PISO,A5PISO,E. coli,130,NA,NA,NA,130
31,AAMYL_b,-1,R_AAMYL,AAMYL,NA,NA,44.2,NA,NA,44.2
32,ABTA,1,R_ABTA,ABTA,E. coli,3.34559,NA,NA,NA,3.34559
33,ABUTD,1,R_ABUTD,ABUTD,E. coli,7.7,NA,NA,NA,7.7
34,ACACT1r,1,R_ACACT1r,ACACT1r,All organisms,15.8,NA,NA,NA,15.8
35,ACACT1r_b,-1,R_ACACT1r,ACACT1r,All organisms,159.59091,NA,NA,NA,159.59091
36,ACBIPGT,1,R_ACBIPGT,ACBIPGT,NA,NA,0.058,NA,NA,0.058
37,ACCOAC,1,R_ACCOAC,ACCOAC,All organisms,6.2094,NA,65.25,NA,65.25
38,ACCOAL,1,R_ACCOAL,ACCOAL,All organisms,79.57143,NA,NA,NA,79.57143
39,ACGAMK,1,R_ACGAMK,ACGAMK,All organisms,0.03167,NA,NA,NA,0.03167
40,ACGAMT,1,R_ACGAMT,ACGAMT,NA,NA,1.2,NA,NA,1.2
41,ACGK,1,R_ACGK,ACGK,NA,NA,40.4,NA,NA,40.4
42,ACGS,1,R_ACGS,ACGS,All organisms,0.22,NA,583,21,583
43,ACKr,1,R_ACKr,ACKr,All organisms,632.66667,NA,NA,NA,632.66667
44,ACKr_b,-1,R_ACKr,ACKr,All organisms,942.75,NA,NA,NA,942.75
45,ACNML,1,R_ACNML,ACNML,E. coli,7.7,NA,NA,NA,7.7
46,ACOAD1f,1,R_ACOAD1f,ACOAD1f,All organisms,9.6,NA,NA,NA,9.6
47,ACOAD6f,1,R_ACOAD6f,ACOAD6f,NA,NA,6,NA,NA,6
48,ACOATA,1,R_ACOATA,ACOATA,All organisms,0.30284,NA,NA,NA,0.30284
49,ACOATA_b,-1,R_ACOATA,ACOATA,All organisms,0.30284,NA,NA,NA,0.30284
50,ACODA,1,R_ACODA,ACODA,E. coli,2270,NA,NA,1600,2270
51,ACONTa_b,-1,R_ACONTa,ACONTa,E. coli,44.8,NA,NA,NA,44.8
52,ACONTb,1,R_ACONTb,ACONTb,E. coli,44.8,NA,NA,NA,44.8
53,ACOTA,1,R_ACOTA,ACOTA,All organisms,1.55,NA,NA,NA,1.55
54,ACPS1,1,R_ACPS1,ACPS1,E. coli,0.7,NA,NA,NA,0.7
55,ACS,1,R_ACS,ACS,All organisms,20.26667,NA,NA,NA,20.26667
56,ADA,1,R_ADA,ADA,All organisms,18.5,NA,NA,NA,18.5
57,ADCS,1,R_ADCS,ADCS,NA,NA,0.53,NA,NA,0.53
58,ADD,1,R_ADD,ADD,NA,NA,5.5,NA,NA,5.5
59,ADK1,1,R_ADK1,ADK1,All organisms,585.4,NA,NA,NA,585.4
60,ADK1_b,-1,R_ADK1,ADK1,All organisms,783,NA,NA,NA,783
61,ADMDC,1,R_ADMDC,ADMDC,All organisms,1.5195,NA,NA,NA,1.5195
62,ADNCYC,1,R_ADNCYC,ADNCYC,E. coli,1.67,NA,NA,NA,1.67
63,ADNK1,1,R_ADNK1,ADNK1,All organisms,8.09733,NA,NA,NA,8.09733
64,ADPRDP,1,R_ADPRDP,ADPRDP,E. coli,117,NA,NA,NA,117
65,ADPT,1,R_ADPT,ADPT,E. coli,9.33,NA,NA,NA,9.33
66,ADSK,1,R_ADSK,ADSK,E. coli,50,NA,NA,57,57
67,ADSL2r,1,R_ADSL2r,ADSL2r,NA,NA,NA,NA,14,14
68,ADSS,1,R_ADSS,ADSS,E. coli,1.00086,NA,NA,1.6,1.6
69,AGDC,1,R_AGDC,AGDC,E. coli,95.875,NA,NA,NA,95.875
70,AGMT,1,R_AGMT,AGMT,All organisms,3,NA,NA,NA,3
71,AHCYSNS,1,R_AHCYSNS,AHCYSNS,E. coli,2.35,NA,NA,2.6,2.6
72,AIRC2,1,R_AIRC2,AIRC2,NA,NA,NA,NA,13,13
73,AIRC3_b,-1,R_AIRC3,AIRC3,NA,NA,NA,NA,3.5,3.5
74,ALAALAr,1,R_ALAALAr,ALAALAr,E. coli,15.13,NA,NA,NA,15.13
75,ALAR,1,R_ALAR,ALAR,E. coli,27.6,NA,NA,NA,27.6
76,ALAR_b,-1,R_ALAR,ALAR,E. coli,6,NA,NA,NA,6
77,ALATA_L,1,R_ALATA_L,ALATA_L,All organisms,17.1,NA,NA,NA,17.1
78,ALATRS,1,R_ALATRS,ALATRS,E. coli,21.66,NA,NA,NA,21.66
79,ALCD2x,1,R_ALCD2x,ALCD2x,All organisms,24.37023,NA,NA,NA,24.37023
80,ALCD2x_b,-1,R_ALCD2x,ALCD2x,All organisms,11.08,NA,NA,NA,11.08
81,ALDD19xr,1,R_ALDD19x,ALDD19xr,E. coli,96.8,96.8,NA,NA,96.8
82,ALDD2x,1,R_ALDD2x,ALDD2x,All organisms,13.532,NA,NA,NA,13.532
83,ALDD2y,1,R_ALDD2y,ALDD2y,All organisms,0.04,NA,NA,NA,0.04
84,ALDD4,1,R_ALDD4,ALDD4,NA,NA,26.95,NA,NA,26.95
85,ALLTN,1,R_ALLTN,ALLTN,All organisms,310.85,NA,NA,NA,310.85
86,AMALT1,1,R_AMALT1,AMALT1,All organisms,112.825,NA,NA,NA,112.825
87,AMALT2,1,R_AMALT2,AMALT2,All organisms,123.625,NA,NA,NA,123.625
88,AMALT3,1,R_AMALT3,AMALT3,All organisms,94.275,NA,NA,NA,94.275
89,AMALT4,1,R_AMALT4,AMALT4,All organisms,84.05,NA,NA,NA,84.05
90,AMAOTr,1,R_AMAOTr,AMAOTr,E. coli,0.2665,NA,NA,0.28,0.28
91,AMPN,1,R_AMPN,AMPN,All organisms,61,NA,NA,NA,61
92,ANPRT,1,R_ANPRT,ANPRT,E. coli,4.4,NA,NA,NA,4.4
93,ANS,1,R_ANS,ANS,All organisms,64.03322,NA,NA,NA,64.03322
94,AOXSr2,1,R_AOXSr,AOXSr2,E. coli,0.00092,0.0009165,NA,0.06,0.06
95,AP4AH,1,R_AP4AH,AP4AH,E. coli,250,NA,NA,NA,250
96,ARAI,1,R_ARAI,ARAI,All organisms,39.36357,NA,NA,NA,39.36357
97,ARGDC,1,R_ARGDC,ARGDC,All organisms,5.02,NA,NA,NA,5.02
98,ARGDCpp,1,R_ARGDCpp,ARGDCpp,All organisms,5.02,NA,NA,NA,5.02
99,ARGSL,1,R_ARGSL,ARGSL,All organisms,34.5,NA,NA,NA,34.5
100,ARGTRS,1,R_ARGTRS,ARGTRS,E. coli,19.38,NA,NA,NA,19.38
101,ASAD,1,R_ASAD,ASAD,All organisms,199.932,NA,NA,NA,199.932
102,ASNN,1,R_ASNN,ASNN,All organisms,800.0064,NA,NA,NA,800.0064
103,ASNNpp,1,R_ASNNpp,ASNNpp,All organisms,800.0064,NA,NA,NA,800.0064
104,ASNS1,1,R_ASNS1,ASNS1,E. coli,1.89833,NA,NA,NA,1.89833
105,ASNTRS,1,R_ASNTRS,ASNTRS,E. coli,2.2,NA,NA,NA,2.2
106,ASP1DC,1,R_ASP1DC,ASP1DC,E. coli,0.57,NA,NA,0.57,0.57
107,ASPCT,1,R_ASPCT,ASPCT,E. coli,417,NA,NA,NA,417
108,ASPK,1,R_ASPK,ASPK,E. coli,29.26818,NA,NA,NA,29.26818
109,ASPO4,1,R_ASPO4,ASPO4,NA,NA,2.6,NA,NA,2.6
110,ASPO5,1,R_ASPO5,ASPO5,NA,NA,5.55,NA,NA,5.55
111,ASPO6,1,R_ASPO6,ASPO6,NA,NA,2.6,NA,NA,2.6
112,ASPT,1,R_ASPT,ASPT,E. coli,180,NA,NA,NA,180
113,ASPTA,1,R_ASPTA,ASPTA,E. coli,82.47143,NA,NA,NA,82.47143
114,ASPTA_b,-1,R_ASPTA,ASPTA,All organisms,318.25,NA,NA,NA,318.25
115,ASPTRS,1,R_ASPTRS,ASPTRS,E. coli,9.275,NA,NA,NA,9.275
116,ATPPRT,1,R_ATPPRT,ATPPRT,All organisms,2.7,NA,NA,NA,2.7
117,ATPS4rpp_b,-1,R_ATPS4rpp,ATPS4rpp,All organisms,217,NA,NA,NA,217
118,BETALDHy,1,R_BETALDHy,BETALDHy,All organisms,276,NA,NA,NA,276
119,BPNT,1,R_BPNT,BPNT,E. coli,11.4,NA,NA,11,11.4
120,BTS5,1,R_BTS4,BTS5,E. coli,6.95001,6.9500071,NA,0.004,6.95001
121,CBIAT,1,R_CBIAT,CBIAT,All organisms,0.0775,NA,NA,NA,0.0775
122,CBLAT,1,R_CBLAT,CBLAT,All organisms,0.0674,NA,NA,NA,0.0674
123,CBPS,1,R_CBPS,CBPS,E. coli,3.15755,NA,NA,NA,3.15755
124,CFAS160E,1,R_CFAS160E,CFAS160E,E. coli,0.39765,NA,NA,NA,0.39765
125,CFAS160G,1,R_CFAS160G,CFAS160G,E. coli,0.39765,NA,NA,NA,0.39765
126,CFAS180E,1,R_CFAS180E,CFAS180E,E. coli,0.39765,NA,NA,NA,0.39765
127,CFAS180G,1,R_CFAS180G,CFAS180G,E. coli,0.39765,NA,NA,NA,0.39765
128,CHORM,1,R_CHORM,CHORM,E. coli,147457.6458,NA,41,NA,147457.6458
129,CHORS,1,R_CHORS,CHORS,NA,NA,NA,NA,21,21
130,CHRPL,1,R_CHRPL,CHRPL,NA,NA,NA,NA,1.7,1.7
131,CO2tex,1,R_CO2tex,CO2tex,NA,NA,NA,380,NA,380
132,CPPPGO,1,R_CPPPGO,CPPPGO,E. coli,0.003,NA,NA,NA,0.003
133,CS,1,R_CS,CS,NA,NA,81,NA,40.5,81
134,CSND,1,R_CSND,CSND,E. coli,125.46667,NA,NA,NA,125.46667
135,CSNt2pp,1,R_CSNt2pp,CSNt2pp,NA,NA,165,NA,NA,165
136,CTECOAI6,1,NA,CTECOAI6,NA,NA,63,NA,NA,63
137,CTECOAI8,1,NA,CTECOAI8,NA,NA,47,NA,NA,47
138,CTECOAI8_b,-1,NA,CTECOAI8,NA,NA,12,NA,NA,12
139,CTPS2,1,R_CTPS2,CTPS2,E. coli,5.7863,NA,NA,6.1,6.1
140,CYANST,1,R_CYANST,CYANST,E. coli,245,NA,NA,NA,245
141,CYANSTpp,1,R_CYANSTpp,CYANSTpp,E. coli,245,NA,NA,NA,245
142,CYSDDS,1,R_CYSDDS,CYSDDS,E. coli,72,NA,NA,NA,72
143,CYSS,1,R_CYSS,CYSS,NA,NA,24,NA,NA,24
144,CYSTL,1,R_CYSTL,CYSTL,All organisms,1.5,NA,NA,NA,1.5
145,CYSTRS,1,R_CYSTRS,CYSTRS,E. coli,10.1659,NA,NA,NA,10.1659
146,CYTBO3_4pp,1,R_CYTBO3_4pp,CYTBO3_4pp,Valg,NA,NA,814.4,NA,814.4
147,CYTD,1,R_CYTD,CYTD,NA,NA,4.8,NA,NA,4.8
148,CYTDH,1,R_CYTDH,CYTDH,E. coli,11.6,NA,NA,NA,11.6
149,CYTK1,1,R_CYTK1,CYTK1,All organisms,176.08143,NA,NA,103,176.08143
150,CYTK2,1,R_CYTK2,CYTK2,All organisms,41.66667,NA,NA,NA,41.66667
151,DAAD,1,R_DAAD,DAAD,E. coli,15.5,NA,NA,NA,15.5
152,DADA,1,R_DADA,DADA,NA,NA,6.8,NA,NA,6.8
153,DAGK140,1,R_DAGK140,DAGK140,NA,NA,2.8,NA,NA,2.8
154,DAGK160,1,R_DAGK160,DAGK160,NA,NA,1.7,NA,NA,1.7
155,DAGK181,1,R_DAGK181,DAGK181,NA,NA,2.8,NA,NA,2.8
156,DAPDC,1,R_DAPDC,DAPDC,NA,NA,15.6,NA,3.5,15.6
157,DAPE,1,R_DAPE,DAPE,E. coli,84,NA,NA,84,84
158,DAPE_b,-1,R_DAPE,DAPE,E. coli,75.5,NA,NA,NA,75.5
159,DASYN120,1,R_DASYN120,DASYN120,All organisms,8.92,NA,NA,NA,8.92
160,DASYN140,1,R_DASYN140,DASYN140,All organisms,8.92,NA,NA,NA,8.92
161,DASYN141,1,R_DASYN141,DASYN141,All organisms,8.92,NA,NA,NA,8.92
162,DASYN160,1,R_DASYN160,DASYN160,All organisms,8.92,NA,NA,NA,8.92
163,DASYN161,1,R_DASYN161,DASYN161,All organisms,8.92,NA,NA,NA,8.92
164,DASYN180,1,R_DASYN180,DASYN180,All organisms,8.92,NA,NA,NA,8.92
165,DASYN181,1,R_DASYN181,DASYN181,All organisms,8.92,NA,NA,NA,8.92
166,DB4PS,1,R_DB4PS,DB4PS,NA,NA,NA,NA,0.06,0.06
167,DBTS,1,R_DBTS,DBTS,NA,NA,NA,NA,0.001,0.001
168,DCTPD,1,R_DCTPD,DCTPD,E. coli,1.24,NA,NA,NA,1.24
169,DDGLK,1,R_DDGLK,DDGLK,All organisms,26.68667,NA,NA,NA,26.68667
170,DDPGALA,1,R_DDPGALA,DDPGALA,NA,NA,0.94,NA,NA,0.94
171,DGK1,1,R_DGK1,DGK1,All organisms,70.5,NA,NA,NA,70.5
172,DHAD1,1,R_DHAD1,DHAD1,All organisms,11.5,NA,NA,NA,11.5
173,DHAD2,1,R_DHAD2,DHAD2,NA,NA,NA,NA,69,69
174,DHBD,1,R_DHBD,DHBD,E. coli,58.9,NA,NA,NA,58.9
175,DHBS,1,R_DHBS,DHBS,E. coli,5.665,NA,NA,NA,5.665
176,DHBSH_b,-1,R_DHBSH,DHBSH,NA,NA,12.7,NA,NA,12.7
177,DHDPRy,1,R_DHDPRy,DHDPRy,All organisms,11.675,NA,NA,191,191
178,DHDPS,1,R_DHDPS,DHDPS,E. coli,143.8,NA,NA,56.5,143.8
179,DHFR,1,R_DHFR,DHFR,E. coli,3.1513,NA,NA,NA,3.1513
180,DHFS,1,R_DHFS,DHFS,NA,NA,NA,NA,0.4,0.4
181,DHNPA2r,1,NA,DHNPA2r,NA,NA,0.063,NA,NA,0.063
182,DHORD2,1,R_DHORD2,DHORD2,All organisms,49.64,NA,NA,20,49.64
183,DHORD5,1,R_DHORD5,DHORD5,All organisms,49.64,NA,NA,NA,49.64
184,DHORDfum,1,NA,DHORDfum,NA,NA,7.8,NA,NA,7.8
185,DHORTS,1,R_DHORTS,DHORTS,E. coli,40.62444,NA,NA,NA,40.62444
186,DHORTS_b,-1,R_DHORTS,DHORTS,E. coli,62.33171,NA,NA,181,181
187,DHPPDA2,1,R_DHPPDA2,DHPPDA2,NA,NA,NA,NA,6.2,6.2
188,DHPS2,1,R_DHPS2,DHPS2,NA,NA,0.109,NA,6.7,6.7
189,DHQS,1,R_DHQS,DHQS,NA,NA,NA,NA,16,16
190,DHQTi,1,R_DHQTi,DHQTi,All organisms,57.77143,NA,NA,75,75
191,DMATT,1,R_DMATT,DMATT,All organisms,0.1584,NA,NA,NA,0.1584
192,DMSOR1,1,R_DMSOR1,DMSOR1,NA,NA,79.9,NA,NA,79.9
193,DMSOR1pp_b,-1,R_DMSOR1pp,DMSOR1pp,NA,NA,8,NA,NA,8
194,DMSOR2pp,1,R_DMSOR2pp,DMSOR2pp,NA,NA,79.9,NA,NA,79.9
195,DPR,1,R_DPR,DPR,E. coli,25,NA,NA,NA,25
196,DRPA,1,R_DRPA,DRPA,E. coli,294.5,NA,NA,NA,294.5
197,DSBCGT,1,R_DSBCGT,DSBCGT,NA,NA,25.2,NA,NA,25.2
198,DTARTD,1,NA,DTARTD,NA,NA,7.3,NA,NA,7.3
199,DTMPK,1,R_DTMPK,DTMPK,All organisms,8.9,NA,NA,7.9,8.9
200,DURIPP_b,-1,R_DURIPP,DURIPP,NA,NA,145,NA,NA,145
201,DUTPDP,1,R_DUTPDP,DUTPDP,E. coli,22.6625,NA,NA,NA,22.6625
202,DXPRIi,1,R_DXPRIi,DXPRIi,NA,NA,NA,NA,19,19
203,DXPS,1,R_DXPS,DXPS,NA,NA,NA,NA,2.6,2.6
204,E4PD,1,R_E4PD,E4PD,NA,NA,20,NA,NA,20
205,EAR100y,1,R_EAR100y,EAR100y,All organisms,130.2,NA,NA,NA,130.2
206,EAR120y,1,R_EAR120y,EAR120y,All organisms,130.2,NA,NA,NA,130.2
207,EAR121y,1,R_EAR121y,EAR121y,All organisms,130.2,NA,NA,NA,130.2
208,EAR140y,1,R_EAR140y,EAR140y,All organisms,130.2,NA,NA,NA,130.2
209,EAR141y,1,R_EAR141y,EAR141y,All organisms,130.2,NA,NA,NA,130.2
210,EAR160y,1,R_EAR160y,EAR160y,All organisms,130.2,NA,NA,NA,130.2
211,EAR161y,1,R_EAR161y,EAR161y,All organisms,130.2,NA,NA,NA,130.2
212,EAR180y,1,R_EAR180y,EAR180y,All organisms,130.2,NA,NA,NA,130.2
213,EAR181y,1,R_EAR181y,EAR181y,All organisms,130.2,NA,NA,NA,130.2
214,EAR40x,1,R_EAR40x,EAR40x,All organisms,20.42171,NA,NA,NA,20.42171
215,EAR40y,1,R_EAR40y,EAR40y,All organisms,130.2,NA,NA,NA,130.2
216,EAR60y,1,R_EAR60y,EAR60y,All organisms,130.2,NA,NA,NA,130.2
217,EAR80y,1,R_EAR80y,EAR80y,All organisms,130.2,NA,NA,NA,130.2
218,ECOAH1_b,-1,R_ECOAH1,ECOAH1,All organisms,1280,NA,NA,NA,1280
219,EDA,1,R_EDA,EDA,E. coli,72.15063,NA,NA,NA,72.15063
220,ENO,1,R_ENO,ENO,NA,NA,22.2,NA,198,198
221,ETHAAL,1,R_ETHAAL,ETHAAL,All organisms,30,NA,NA,NA,30
222,FACOAE120,1,R_FACOAE120,FACOAE120,NA,NA,NA,NA,50,50
223,FACOAL100t2pp,1,R_FACOAL100t2pp,FACOAL100t2pp,E. coli,0.029,NA,NA,NA,0.029
224,FACOAL120t2pp,1,R_FACOAL120t2pp,FACOAL120t2pp,E. coli,0.029,NA,NA,NA,0.029
225,FACOAL140t2pp,1,R_FACOAL140t2pp,FACOAL140t2pp,E. coli,0.029,NA,NA,NA,0.029
226,FACOAL141t2pp,1,R_FACOAL141t2pp,FACOAL141t2pp,E. coli,0.029,NA,NA,NA,0.029
227,FACOAL160t2pp,1,R_FACOAL160t2pp,FACOAL160t2pp,E. coli,0.029,NA,NA,NA,0.029
228,FACOAL161t2pp,1,R_FACOAL161t2pp,FACOAL161t2pp,E. coli,0.029,NA,NA,NA,0.029
229,FACOAL180t2pp,1,R_FACOAL180t2pp,FACOAL180t2pp,E. coli,0.029,NA,NA,NA,0.029
230,FACOAL181t2pp,1,R_FACOAL181t2pp,FACOAL181t2pp,E. coli,0.029,NA,NA,NA,0.029
231,FACOAL60t2pp,1,R_FACOAL60t2pp,FACOAL60t2pp,E. coli,0.029,NA,NA,NA,0.029
232,FACOAL80t2pp,1,R_FACOAL80t2pp,FACOAL80t2pp,E. coli,0.029,NA,NA,NA,0.029
233,FALDH2,1,R_FALDH2,FALDH2,NA,NA,51.7,NA,NA,51.7
234,FBA,1,R_FBA,FBA,E. coli,10.85,NA,NA,NA,10.85
235,FBP,1,R_FBP,FBP,E. coli,19.1,NA,NA,NA,19.1
236,FCLT,1,R_FCLT,FCLT,All organisms,0.09237,NA,NA,0.006,0.09237
237,FDMO4,1,R_FDMO4,FDMO4,NA,NA,0.86,NA,NA,0.86
238,FEROpp,1,R_FEROpp,FEROpp,All organisms,0.7125,NA,NA,NA,0.7125
239,FFSD,1,R_FFSD,FFSD,NA,NA,125,NA,NA,125
240,FLDR2,1,R_FLDR,FLDR2,E. coli,273.5,273.5,NA,NA,273.5
241,FLVR,1,R_FLVR,FLVR,All organisms,47.87692,NA,NA,NA,47.87692
242,FLVRx,1,R_FLVRx,FLVRx,All organisms,28.85,NA,NA,NA,28.85
243,FMETTRS,1,R_FMETTRS,FMETTRS,E. coli,25.33333,NA,NA,NA,25.33333
244,FMNAT,1,R_FMNAT,FMNAT,All organisms,0.00184,NA,NA,NA,0.00184
245,FMNRx,1,R_FMNRx,FMNRx,NA,NA,6,NA,NA,6
246,FORtex_b,-1,R_FORtex,FORtex,NA,NA,NA,272,NA,272
247,FRD2,1,R_FRD2,FRD2,NA,NA,79.6,NA,NA,79.6
248,FRD3,1,R_FRD3,FRD3,NA,NA,79.6,NA,NA,79.6
249,FTHFLi,1,NA,FTHFLi,NA,NA,3.6,NA,NA,3.6
250,FUM,1,R_FUM,FUM,E. coli,290.05556,NA,NA,NA,290.05556
251,FUM_b,-1,R_FUM,FUM,E. coli,40.10714,NA,NA,NA,40.10714
252,G1PACT,1,R_G1PACT,G1PACT,NA,NA,NA,NA,1.8,1.8
253,G1PACT_b,-1,R_G1PACT,G1PACT,NA,NA,12.4,NA,NA,12.4
254,G1PPpp,1,R_G1PPpp,G1PPpp,E. coli,117,NA,NA,NA,117
255,G1PTT,1,R_G1PTT,G1PTT,All organisms,5.925,NA,NA,NA,5.925
256,G1SAT_b,-1,R_G1SAT,G1SAT,All organisms,0.59,NA,NA,NA,0.59
257,G3PD2,1,R_G3PD2,G3PD2,NA,NA,NA,NA,291,291
258,G3PD2_b,-1,R_G3PD2,G3PD2,NA,NA,NA,NA,42,42
259,G3PT,1,R_G3PT,G3PT,NA,NA,160,NA,NA,160
260,G5SD,1,R_G5SD,G5SD,NA,NA,NA,NA,10,10
261,G6PDA,1,R_G6PDA,G6PDA,E. coli,309.6,NA,NA,1800,1800
262,G6PDH2r,1,R_G6PDH2r,G6PDH2r,All organisms,3472.9375,NA,NA,174,3472.9375
263,G6PP,1,R_G6PP,G6PP,All organisms,700,NA,NA,NA,700
264,GAL1PPpp,1,R_GAL1PPpp,GAL1PPpp,All organisms,0.0348,NA,NA,NA,0.0348
265,GALCTD,1,R_GALCTD,GALCTD,E. coli,22,NA,NA,NA,22
266,GALKr,1,R_GALKr,GALKr,All organisms,15.66727,NA,NA,NA,15.66727
267,GALM2pp,1,R_GALM2pp,GALM2pp,E. coli,18400,NA,NA,NA,18400
268,GALS3,1,R_GALS3,GALS3,All organisms,118.25,NA,NA,NA,118.25
269,GAPD,1,R_GAPD,GAPD,All organisms,40.3025,NA,NA,134,134
270,GARFT,1,R_GARFT,GARFT,E. coli,11.40533,NA,NA,21,21
271,GF6PTA,1,R_GF6PTA,GF6PTA,E. coli,8.2725,NA,NA,17,17
272,GHMT2r,1,R_GHMT2r,GHMT2r,E. coli,6.9,NA,NA,5.5,6.9
273,GK1,1,R_GK1,GK1,All organisms,242,NA,NA,74,242
274,GLCP,1,R_GLCP,GLCP,All organisms,50.5,NA,NA,NA,50.5
275,GLCP2,1,R_GLCP2,GLCP2,All organisms,50.5,NA,NA,NA,50.5
276,GLCRAL,1,R_GLCRAL,GLCRAL,E. coli,27.3,NA,NA,NA,27.3
277,GLCRD,1,R_GLCRD,GLCRD,E. coli,9.66583,NA,NA,NA,9.66583
278,GLCS1,1,R_GLCS1,GLCS1,All organisms,284,NA,NA,NA,284
279,GLGC,1,R_GLGC,GLGC,E. coli,370,NA,NA,NA,370
280,GLNS,1,R_GLNS,GLNS,E. coli,3,NA,6,NA,6
281,GLNTRS,1,R_GLNTRS,GLNTRS,E. coli,2.19,NA,NA,NA,2.19
282,GLU5K,1,R_GLU5K,GLU5K,NA,NA,NA,NA,26.5,26.5
283,GLUCYS,1,R_GLUCYS,GLUCYS,All organisms,11.54667,NA,NA,NA,11.54667
284,GLUDC,1,R_GLUDC,GLUDC,All organisms,4.74727,NA,NA,NA,4.74727
285,GLUDy,1,R_GLUDy,GLUDy,All organisms,2136,NA,NA,NA,2136
286,GLUDy_b,-1,R_GLUDy,GLUDy,All organisms,19466.66667,NA,37.3,37,19466.66667
287,GLUN,1,R_GLUN,GLUN,E. coli,1270,NA,NA,NA,1270
288,GLUNpp,1,R_GLUNpp,GLUNpp,E. coli,1270,NA,NA,NA,1270
289,GLUPRT,1,R_GLUPRT,GLUPRT,NA,NA,NA,NA,55.5,55.5
290,GLUR,1,R_GLUR,GLUR,E. coli,43.33,NA,NA,NA,43.33
291,GLUR_b,-1,R_GLUR,GLUR,E. coli,0.41,NA,NA,12,12
292,GLUSy,1,R_GLUSy,GLUSy,All organisms,24.55,NA,NA,NA,24.55
293,GLUTRR,1,R_GLUTRR,GLUTRR,NA,NA,0.13,NA,0.36,0.36
294,GLUTRS,1,R_GLUTRS,GLUTRS,E. coli,2.46667,NA,NA,2.9,2.9
295,GLXCL,1,R_GLXCL,GLXCL,NA,NA,18.9,NA,NA,18.9
296,GLYCK,1,R_GLYCK,GLYCK,E. coli,350,NA,NA,NA,350
297,GLYCK2,1,R_GLYCK2,GLYCK2,E. coli,350,NA,NA,NA,350
298,GLYCLTDy,1,R_GLYCLTDy,GLYCLTDy,All organisms,7.48333,NA,NA,NA,7.48333
299,GLYK,1,R_GLYK,GLYK,All organisms,1670,NA,NA,100,1670
300,GLYOX,1,R_GLYOX,GLYOX,All organisms,500.50645,NA,NA,NA,500.50645
301,GLYTRS,1,R_GLYTRS,GLYTRS,All organisms,12,NA,NA,NA,12
302,GMAND,1,R_GMAND,GMAND,E. coli,5,NA,NA,NA,5
303,GMPS2,1,R_GMPS2,GMPS2,All organisms,0.43,NA,1.51,8.9,8.9
304,GND,1,R_GND,GND,All organisms,39.539,NA,NA,27.5,39.539
305,GPDDA1,1,R_GPDDA1,GPDDA1,E. coli,3.2,NA,NA,NA,3.2
306,GPDDA1pp,1,R_GPDDA1pp,GPDDA1pp,E. coli,3.2,NA,NA,NA,3.2
307,GPDDA2,1,R_GPDDA2,GPDDA2,E. coli,1.1,NA,NA,NA,1.1
308,GPDDA2pp,1,R_GPDDA2pp,GPDDA2pp,E. coli,1.1,NA,NA,NA,1.1
309,GPDDA3,1,R_GPDDA3,GPDDA3,E. coli,2.8,NA,NA,NA,2.8
310,GPDDA3pp,1,R_GPDDA3pp,GPDDA3pp,E. coli,2.8,NA,NA,NA,2.8
311,GPDDA4,1,R_GPDDA4,GPDDA4,E. coli,3.3,NA,NA,NA,3.3
312,GPDDA4pp,1,R_GPDDA4pp,GPDDA4pp,E. coli,3.3,NA,NA,NA,3.3
313,GPDDA5pp,1,R_GPDDA5pp,GPDDA5pp,NA,NA,1.8,NA,NA,1.8
314,GRTT,1,R_GRTT,GRTT,All organisms,0.1545,NA,NA,NA,0.1545
315,GSPMDA,1,R_GSPMDA,GSPMDA,E. coli,2.1,NA,NA,NA,2.1
316,GSPMDS,1,R_GSPMDS,GSPMDS,All organisms,4.2,NA,NA,NA,4.2
317,GTHOr,1,R_GTHOr,GTHOr,All organisms,441.95,NA,NA,NA,441.95
318,GTHPi,1,NA,GTHPi,NA,NA,221.7,NA,NA,221.7
319,GTHS,1,R_GTHS,GTHS,All organisms,27.8125,NA,NA,NA,27.8125
320,GTPCI,1,R_GTPCI,GTPCI,All organisms,0.0035,NA,NA,0.04,0.04
321,GTPCII2,1,R_GTPCII2,GTPCII2,NA,NA,42,NA,0.06,42
322,GTPDPDP,1,R_GTPDPDP,GTPDPDP,E. coli,0.023,NA,NA,NA,0.023
323,GTPDPK,1,R_GTPDPK,GTPDPK,All organisms,2.4825,NA,NA,NA,2.4825
324,GUACYC,1,NA,GUACYC,NA,NA,28.7,NA,NA,28.7
325,GUAD,1,R_GUAD,GUAD,NA,NA,649,NA,NA,649
326,GUAPRT,1,R_GUAPRT,GUAPRT,All organisms,12.4865,NA,NA,NA,12.4865
327,H2Otex_b,-1,R_H2Otex,H2Otex,NA,NA,NA,112,NA,112
328,HCO3E,1,R_HCO3E,HCO3E,E. coli,17000,NA,NA,NA,17000
329,HCYSMT,1,R_HCYSMT,HCYSMT,All organisms,0.0375,NA,NA,NA,0.0375
330,HCYSMT2,1,R_HCYSMT2,HCYSMT2,NA,NA,0.38,NA,NA,0.38
331,HEX1,1,R_HEX1,HEX1,All organisms,85.708,NA,NA,NA,85.708
332,HEX7,1,R_HEX7,HEX7,All organisms,31.385,NA,NA,NA,31.385
333,HISTD,1,R_HISTD,HISTD,All organisms,18.05,NA,NA,12,18.05
334,HISTP,1,R_HISTP,HISTP,E. coli,1132.5,NA,NA,NA,1132.5
335,HISTRS,1,R_HISTRS,HISTRS,E. coli,52.09909,NA,NA,NA,52.09909
336,HMBS,1,R_HMBS,HMBS,NA,NA,NA,NA,0.1,0.1
337,HMPK1,1,R_HMPK1,HMPK1,E. coli,0.00012,NA,NA,NA,0.00012
338,HPPK2,1,R_HPPK2,HPPK2,NA,NA,NA,NA,0.63,0.63
339,HPPPNDO,1,R_HPPPNDO,HPPPNDO,E. coli,18.11,NA,NA,NA,18.11
340,HSDy,1,R_HSDy,HSDy,E. coli,8.367,NA,NA,NA,8.367
341,HSK,1,R_HSK,HSK,E. coli,18.3,NA,NA,18,18.3
342,HSST,1,R_HSST,HSST,E. coli,24.56667,NA,NA,24,24.56667
343,HXPRT,1,R_HXPRT,HXPRT,All organisms,7.89946,NA,NA,NA,7.89946
344,ICDHyr,1,R_ICDHyr,ICDHyr,All organisms,28.58527,NA,NA,106,106
345,ICHORSi,1,R_ICHORSi,ICHORSi,NA,NA,0.67,NA,NA,0.67
346,ICHORT,1,R_ICHORT,ICHORT,E. coli,11.7381,NA,NA,NA,11.7381
347,ICL,1,R_ICL,ICL,All organisms,145.44385,NA,NA,NA,145.44385
348,IGPS,1,R_IGPS,IGPS,E. coli,4.1,NA,NA,7.2,7.2
349,ILETA,1,R_ILETA,ILETA,E. coli,48,NA,NA,NA,48
350,ILETA_b,-1,R_ILETA,ILETA,All organisms,290,NA,NA,NA,290
351,ILETRS,1,R_ILETRS,ILETRS,E. coli,53.8,NA,NA,NA,53.8
352,IMPC_b,-1,R_IMPC,IMPC,All organisms,8.6,NA,NA,NA,8.6
353,IMPD,1,R_IMPD,IMPD,All organisms,0.1511,NA,NA,24.5,24.5
354,INSH,1,R_INSH,INSH,E. coli,0.043,NA,NA,NA,0.043
355,IPDDI,1,R_IPDDI,IPDDI,All organisms,19.41364,NA,NA,NA,19.41364
356,IPMD,1,R_IPMD,IPMD,NA,NA,69,NA,34.5,69
357,KARA1,1,R_KARA1,KARA1,E. coli,0.00417,NA,NA,NA,0.00417
358,KARA1_b,-1,R_KARA1,KARA1,E. coli,1.38367,NA,2.231,NA,2.231
359,KARA2,1,R_KARA2,KARA2,E. coli,0.12,NA,78.3,NA,78.3
360,KAS14,1,R_KAS14,KAS14,All organisms,0.05165,NA,3,NA,3
361,KAS15,1,R_KAS15,KAS15,NA,NA,3.13,NA,NA,3.13
362,KDOCT2,1,R_KDOCT2,KDOCT2,NA,NA,NA,NA,22,22
363,KDOPP,1,R_KDOPP,KDOPP,NA,NA,NA,NA,5.2,5.2
364,KDOPS,1,R_KDOPS,KDOPS,NA,NA,NA,NA,5.3,5.3
365,KG6PDC,1,R_KG6PDC,KG6PDC,NA,NA,51,NA,NA,51
366,L_LACD2,1,R_L_LACD2,L_LACD2,All organisms,178.71429,178.7142857,NA,NA,178.71429
367,L_LACD3,1,R_L_LACD3,L_LACD3,All organisms,178.71429,178.7142857,NA,NA,178.71429
368,LACZ,1,R_LACZ,LACZ,E. coli,247.5,NA,NA,NA,247.5
369,LACZpp,1,R_LACZpp,LACZpp,All organisms,33.8,NA,NA,NA,33.8
370,LALDO2x,1,R_LALDO2x,LALDO2x,All organisms,266,NA,NA,NA,266
371,LDH_D_b,-1,R_LDH_D,LDH_D,All organisms,320.5,NA,NA,NA,320.5
372,LDH_D2,1,R_LDH_D2,LDH_D2,All organisms,875,NA,NA,NA,875
373,LEUTAi,1,R_LEUTAi,LEUTAi,All organisms,290,NA,NA,NA,290
374,LEUTRS,1,R_LEUTRS,LEUTRS,E. coli,14.51294,NA,NA,NA,14.51294
375,LGTHL,1,R_LGTHL,LGTHL,All organisms,718.31429,NA,NA,NA,718.31429
376,LIPOCT,1,NA,LIPOCT,NA,NA,0.2,NA,NA,0.2
377,LPADSS,1,R_LPADSS,LPADSS,NA,NA,NA,NA,129.5,129.5
378,LSERDHr,1,R_LSERDHr,LSERDHr,NA,NA,4.2,NA,NA,4.2
379,LYSDC,1,R_LYSDC,LYSDC,All organisms,405.5,NA,NA,NA,405.5
380,LYSTRS,1,R_LYSTRS,LYSTRS,E. coli,1.73355,NA,NA,NA,1.73355
381,M1PD,1,R_M1PD,M1PD,All organisms,8.5,NA,NA,NA,8.5
382,M1PD_b,-1,R_M1PD,M1PD,All organisms,125,NA,NA,NA,125
383,MACPD,1,R_MACPD,MACPD,BRENDA,NA,NA,3,NA,3
384,MAN6PI,1,R_MAN6PI,MAN6PI,All organisms,64.4952,NA,NA,NA,64.4952
385,MCOATA,1,R_MCOATA,MCOATA,E. coli,1580,NA,NA,NA,1580
386,MCPST,1,R_MCPST,MCPST,E. coli,12.5,NA,NA,NA,12.5
387,MDDCP1pp_b,-1,R_MDDCP1pp,MDDCP1pp,NA,NA,40,NA,NA,40
388,MDH,1,R_MDH,MDH,All organisms,728.72941,NA,NA,1035,1035
389,MDH_b,-1,R_MDH,MDH,E. coli,525,NA,NA,NA,525
390,ME1,1,R_ME1,ME1,E. coli,134.4,NA,NA,NA,134.4
391,ME2,1,R_ME2,ME2,E. coli,66.6,NA,NA,66,66.6
392,MECDPS,1,R_MECDPS,MECDPS,NA,NA,NA,NA,2.7,2.7
393,MEPCT,1,R_MEPCT,MEPCT,NA,NA,48.4,NA,9.9,48.4
394,METAT,1,R_METAT,METAT,E. coli,1.5,NA,NA,0.75,1.5
395,METS,1,R_METS,METS,E. coli,8.33,NA,NA,3.5,8.33
396,METTRS,1,R_METTRS,METTRS,E. coli,12.69167,NA,NA,NA,12.69167
397,MGSA,1,R_MGSA,MGSA,E. coli,199.5,NA,NA,NA,199.5
398,MI1PP,1,R_MI1PP,MI1PP,E. coli,3.79667,NA,NA,NA,3.79667
399,MLTG1,1,R_MLTG1,MLTG1,NA,NA,0.24,NA,NA,0.24
400,MLTG1_b,-1,R_MLTG1,MLTG1,NA,NA,0.0258,NA,NA,0.0258
401,MLTP1,1,R_MLTP1,MLTP1,NA,NA,5.4,NA,NA,5.4
402,MLTP1_b,-1,R_MLTP1,MLTP1,NA,NA,52,NA,NA,52
403,MLTP2,1,R_MLTP2,MLTP2,NA,NA,4.1,NA,NA,4.1
404,MLTP2_b,-1,R_MLTP2,MLTP2,NA,NA,52,NA,NA,52
405,MMM,1,R_MMM2,MMM,All organisms,48,48,NA,NA,48
406,MMM_b,-1,R_MMM2,MMM,NA,NA,120,NA,NA,120
407,MNNH,1,R_MNNH,MNNH,NA,NA,5.88,NA,NA,5.88
408,MOHMT,1,R_MOHMT,MOHMT,All organisms,0.781,NA,NA,3.45,3.45
409,MTAN,1,R_MTAN,MTAN,E. coli,4,NA,NA,NA,4
410,MTHFC,1,R_MTHFC,MTHFC,All organisms,134,NA,NA,103,134
411,MTHFD,1,R_MTHFD,MTHFD,All organisms,27.88,NA,NA,16,27.88
412,MTHFR2,1,R_MTHFR2,MTHFR2,NA,NA,NA,NA,5,5
413,MTHFR2_b,-1,R_MTHFR2,MTHFR2,NA,NA,2.2,NA,NA,2.2
414,NA_b,-1,R_MME,NA,All organisms,1550,NA,NA,NA,1550
415,NADH10,1,R_NADH10,NADH10,NA,NA,0.077,NA,NA,0.077
416,NADH16pp,1,R_NADH16pp,NADH16pp,Valg,NA,NA,1517,NA,1517
417,NADH17pp,1,R_NADH17pp,NADH17pp,Valg,NA,NA,1517,NA,1517
418,NADH18pp,1,R_NADH18pp,NADH18pp,Valg,NA,0.077,1517,NA,1517
419,NADK,1,R_NADK,NADK,E. coli,55,NA,NA,7,55
420,NADS1,1,R_NADS1,NADS1,NA,NA,NA,NA,3.5,3.5
421,NDPK1,1,R_NDPK1,NDPK1,All organisms,38,NA,NA,NA,38
422,NDPK4,1,R_NDPK4,NDPK4,All organisms,80.15,NA,NA,NA,80.15
423,NDPK7,1,R_NDPK7,NDPK7,All organisms,106,NA,NA,NA,106
424,NH4tex,1,R_NH4tex,NH4tex,NA,NA,NA,236,NA,236
425,NHFRBO,1,R_NHFRBO,NHFRBO,NA,NA,14.9,NA,NA,14.9
426,NMNAT,1,R_NMNAT,NMNAT,All organisms,0.00089,NA,NA,NA,0.00089
427,NNAM,1,R_NNAM,NNAM,All organisms,0.93,NA,NA,NA,0.93
428,NNDPR,1,R_NNDPR,NNDPR,NA,NA,NA,NA,0.295,0.295
429,NO3R1bpp,1,R_NO3R1bpp,NO3R1bpp,E. coli,392.5,NA,NA,NA,392.5
430,NO3R1pp,1,R_NO3R1pp,NO3R1pp,E. coli,392.5,NA,NA,NA,392.5
431,NO3R2bpp,1,R_NO3R2bpp,NO3R2bpp,E. coli,392.5,NA,NA,NA,392.5
432,NO3R2pp,1,R_NO3R2pp,NO3R2pp,NA,NA,2.5,NA,NA,2.5
433,NODOx,1,R_NODOx,NODOx,NA,NA,670,NA,NA,670
434,NODOy,1,R_NODOy,NODOy,NA,NA,670,NA,NA,670
435,NTD1,1,R_NTD1,NTD1,E. coli,294.646,NA,NA,NA,294.646
436,NTD10,1,R_NTD10,NTD10,E. coli,368.25,NA,NA,NA,368.25
437,NTD10pp,1,R_NTD10pp,NTD10pp,E. coli,368.25,NA,NA,NA,368.25
438,NTD11,1,R_NTD11,NTD11,E. coli,368.25,NA,NA,NA,368.25
439,NTD11pp,1,R_NTD11pp,NTD11pp,E. coli,368.25,NA,NA,NA,368.25
440,NTD12,1,R_NTD12,NTD12,E. coli,294.648,NA,NA,NA,294.648
441,NTD12pp,1,R_NTD12pp,NTD12pp,E. coli,294.648,NA,NA,NA,294.648
442,NTD1pp,1,R_NTD1pp,NTD1pp,E. coli,294.646,NA,NA,NA,294.646
443,NTD2,1,R_NTD2,NTD2,E. coli,368.25,NA,NA,NA,368.25
444,NTD2pp,1,R_NTD2pp,NTD2pp,E. coli,368.25,NA,NA,NA,368.25
445,NTD3,1,R_NTD3,NTD3,E. coli,368.25,NA,NA,NA,368.25
446,NTD3pp,1,R_NTD3pp,NTD3pp,E. coli,368.25,NA,NA,NA,368.25
447,NTD4,1,R_NTD4,NTD4,E. coli,368.25,NA,NA,NA,368.25
448,NTD4pp,1,R_NTD4pp,NTD4pp,E. coli,368.25,NA,NA,NA,368.25
449,NTD5,1,R_NTD5,NTD5,E. coli,294.632,NA,NA,NA,294.632
450,NTD5pp,1,R_NTD5pp,NTD5pp,E. coli,294.632,NA,NA,NA,294.632
451,NTD6,1,R_NTD6,NTD6,E. coli,294.66,NA,NA,NA,294.66
452,NTD6pp,1,R_NTD6pp,NTD6pp,E. coli,294.66,NA,NA,NA,294.66
453,NTD7,1,R_NTD7,NTD7,E. coli,422.66667,NA,NA,NA,422.66667
454,NTD7pp,1,R_NTD7pp,NTD7pp,E. coli,422.66667,NA,NA,NA,422.66667
455,NTD8,1,R_NTD8,NTD8,E. coli,246.87333,NA,NA,NA,246.87333
456,NTD8pp,1,R_NTD8pp,NTD8pp,E. coli,246.87333,NA,NA,NA,246.87333
457,NTD9,1,R_NTD9,NTD9,E. coli,368.25,NA,NA,NA,368.25
458,NTD9pp,1,R_NTD9pp,NTD9pp,E. coli,368.25,NA,NA,NA,368.25
459,NTP1,1,R_NTP1,NTP1,All organisms,430.59975,NA,NA,NA,430.59975
460,NTP11,1,R_NTP11,NTP11,NA,NA,0.22,NA,NA,0.22
461,NTP3,1,R_NTP3,NTP3,All organisms,422.9569,NA,NA,NA,422.9569
462,NTP3pp,1,R_NTP3pp,NTP3pp,All organisms,422.9569,NA,NA,NA,422.9569
463,NTP5,1,R_NTP5,NTP5,All organisms,317.84808,NA,NA,NA,317.84808
464,NTPP10,1,R_NTPP10,NTPP10,NA,NA,0.16,NA,NA,0.16
465,NTPP9,1,R_NTPP9,NTPP9,NA,NA,0.16,NA,NA,0.16
466,NTPTP1,1,R_NTPTP1,NTPTP1,E. coli,4000,NA,NA,NA,4000
467,O2tex,1,R_O2tex,O2tex,NA,NA,NA,491,NA,491
468,OAADC,1,R_OAADC,OAADC,All organisms,2502.33333,NA,NA,NA,2502.33333
469,OCBT,1,R_OCBT,OCBT,E. coli,2300.43333,NA,NA,NA,2300.43333
470,OCBT_b,-1,R_OCBT,OCBT,All organisms,90,NA,NA,NA,90
471,OCTDPS,1,R_OCTDPS,OCTDPS,NA,NA,NA,NA,2,2
472,OMPDC,1,R_OMPDC,OMPDC,E. coli,6,NA,21.5,28,28
473,OPMEACPS,1,NA,OPMEACPS,NA,NA,0.08,NA,NA,0.08
474,ORNDC,1,R_ORNDC,ORNDC,All organisms,17.22986,NA,NA,NA,17.22986
475,ORPT,1,R_ORPT,ORPT,All organisms,1.95,NA,NA,NA,1.95
476,ORPT_b,-1,R_ORPT,ORPT,All organisms,5.43333,NA,NA,10.5,10.5
477,OXCDC,1,NA,OXCDC,NA,NA,88,NA,NA,88
478,P5CD,1,R_P5CD,P5CD,All organisms,19.15,NA,NA,NA,19.15
479,P5CR,1,R_P5CR,P5CR,All organisms,1854.00393,NA,451.7,717,1854.00393
480,PACCOAL,1,R_PACCOAL,PACCOAL,All organisms,30.85,NA,NA,NA,30.85
481,PANTS,1,R_PANTS,PANTS,E. coli,1.4,NA,NA,0.11,1.4
482,PAPPT3,1,R_PAPPT3,PAPPT3,All organisms,5.33,NA,NA,NA,5.33
483,PAPSR,1,R_PAPSR,PAPSR,E. coli,3.5,NA,NA,NA,3.5
484,PAPSR2,1,R_PAPSR2,PAPSR2,E. coli,3.5,NA,NA,NA,3.5
485,PDE1,1,R_PDE1,PDE1,All organisms,63.4,NA,NA,NA,63.4
486,PDE4,1,NA,PDE4,NA,NA,0.00096,NA,NA,0.00096
487,PDX5POi,1,R_PDX5POi,PDX5POi,E. coli,5.185,NA,NA,1.7,5.185
488,PEAMNOpp,1,R_PEAMNOpp,PEAMNOpp,E. coli,14.92857,NA,NA,NA,14.92857
489,PFK,1,R_PFK,PFK,E. coli,83.6016,NA,NA,41.75,83.6016
490,PFL,1,R_PFL,PFL,NA,NA,12.8,NA,NA,12.8
491,PFL_b,-1,R_PFL,PFL,NA,NA,4.33,NA,NA,4.33
492,PGAMT_b,-1,R_PGAMT,PGAMT,E. coli,5.16,NA,NA,7.9,7.9
493,PGCD,1,R_PGCD,PGCD,E. coli,13.5,NA,NA,6.75,13.5
494,PGI,1,R_PGI,PGI,All organisms,42,NA,NA,126,126
495,PGI_b,-1,R_PGI,PGI,All organisms,1340.56,NA,NA,209,1340.56
496,PGK,1,R_PGK,PGK,All organisms,529.8,NA,NA,329,529.8
497,PGK_b,-1,R_PGK,PGK,All organisms,2631.5,NA,NA,NA,2631.5
498,PGL,1,R_PGL,PGL,NA,NA,NA,NA,472,472
499,PGLYCP,1,R_PGLYCP,PGLYCP,E. coli,94,NA,NA,NA,94
500,PGM_b,-1,R_PGM,PGM,All organisms,255.20209,NA,NA,NA,255.20209
501,PGMT,1,R_PGMT,PGMT,All organisms,92.5,NA,NA,NA,92.5
502,PHETRS,1,R_PHETRS,PHETRS,E. coli,1.41233,NA,NA,NA,1.41233
503,PMANM,1,R_PMANM,PMANM,All organisms,4.15,NA,NA,NA,4.15
504,PMPK,1,R_PMPK,PMPK,E. coli,0.07,NA,NA,0.43,0.43
505,PNTK,1,R_PNTK,PNTK,All organisms,1.29211,NA,NA,0.55,1.29211
506,POX,1,R_POX,POX,E. coli,167,NA,NA,NA,167
507,PPA,1,R_PPA,PPA,E. coli,108.00083,NA,NA,NA,108.00083
508,PPAKr,1,R_PPAKr,PPAKr,All organisms,657.4,NA,NA,NA,657.4
509,PPAKr_b,-1,R_PPAKr,PPAKr,All organisms,618.5,NA,NA,NA,618.5
510,PPBNGS,1,R_PPBNGS,PPBNGS,NA,NA,NA,NA,0.325,0.325
511,PPC,1,R_PPC,PPC,E. coli,540,NA,NA,270,540
512,PPCDC,1,R_PPCDC,PPCDC,NA,NA,2.9,NA,0.435,2.9
513,PPCK,1,R_PPCK,PPCK,NA,NA,65,NA,NA,65
514,PPCK_b,-1,R_PPCK,PPCK,NA,NA,62,NA,NA,62
515,PPGPPDP,1,R_PPGPPDP,PPGPPDP,NA,NA,3,NA,NA,3
516,PPK2r,1,R_PPK2r,PPK2r,E. coli,23.6,NA,NA,NA,23.6
517,PPK2r_b,-1,R_PPK2r,PPK2r,E. coli,10.5,NA,NA,NA,10.5
518,PPKr,1,R_PPKr,PPKr,E. coli,23.6,NA,NA,NA,23.6
519,PPKr_b,-1,R_PPKr,PPKr,E. coli,10.5,NA,NA,5.5,10.5
520,PPM_b,-1,R_PPM,PPM,All organisms,173,NA,NA,NA,173
521,PPM2,1,R_PPM2,PPM2,All organisms,173,NA,NA,NA,173
522,PPNCL2,1,R_PPNCL2,PPNCL2,NA,NA,2.9,NA,NA,2.9
523,PPND,1,R_PPND,PPND,E. coli,67.725,NA,NA,85,85
524,PPNDH,1,R_PPNDH,PPNDH,E. coli,1911.25,NA,NA,46,1911.25
525,PPPGO,1,R_PPPGO,PPPGO,All organisms,3.35443,NA,NA,NA,3.35443
526,PPPGO3,1,R_PPPGO3,PPPGO3,All organisms,3.35443,NA,NA,0.145,3.35443
527,PPS,1,R_PPS,PPS,All organisms,1160.1366,NA,NA,13,1160.1366
528,PRAGSr,1,R_PRAGSr,PRAGSr,All organisms,7,NA,NA,33,33
529,PRAIi,1,R_PRAIi,PRAIi,E. coli,40.25,NA,NA,40,40.25
530,PRAIS,1,R_PRAIS,PRAIS,NA,NA,NA,NA,2.05,2.05
531,PRAMPC,1,R_PRAMPC,PRAMPC,All organisms,4.2175,NA,NA,NA,4.2175
532,PRASCSi,1,R_PRASCSi,PRASCSi,NA,NA,NA,NA,13,13
533,PRFGS,1,R_PRFGS,PRFGS,NA,NA,NA,NA,5.1,5.1
534,PRMICI,1,R_PRMICI,PRMICI,NA,NA,NA,NA,14,14
535,PROD2,1,R_PROD2,PROD2,E. coli,18.5,NA,NA,NA,18.5
536,PROTRS,1,R_PROTRS,PROTRS,E. coli,41.30975,NA,NA,NA,41.30975
537,PSCVT,1,R_PSCVT,PSCVT,All organisms,6.73846,NA,NA,32,32
538,PSCVT_b,-1,R_PSCVT,PSCVT,All organisms,1.94667,NA,NA,NA,1.94667
539,PSD160,1,R_PSD160,PSD160,NA,NA,NA,NA,29,29
540,PSERT,1,R_PSERT,PSERT,NA,NA,NA,NA,1.8,1.8
541,PSP_L,1,R_PSP_L,PSP_L,All organisms,403.47,NA,NA,NA,403.47
542,PSP_Lpp,1,R_PSP_Lpp,PSP_Lpp,NA,NA,26.8,NA,NA,26.8
543,PSSA160,1,R_PSSA160,PSSA160,NA,NA,NA,NA,34,34
544,PTAr,1,R_PTAr,PTAr,All organisms,1341.32556,NA,NA,NA,1341.32556
545,PTAr_b,-1,R_PTAr,PTAr,All organisms,1419.46643,NA,NA,NA,1419.46643
546,PTPATi,1,R_PTPATi,PTPATi,NA,NA,0.000917,NA,6.666666667,6.666666667
547,PUNP1,1,R_PUNP1,PUNP1,E. coli,38.785,NA,NA,NA,38.785
548,PUNP1_b,-1,R_PUNP1,PUNP1,All organisms,110,NA,NA,NA,110
549,PUNP2,1,R_PUNP2,PUNP2,E. coli,38.785,NA,NA,NA,38.785
550,PUNP2_b,-1,R_PUNP2,PUNP2,All organisms,110,NA,NA,NA,110
551,PUNP3,1,R_PUNP3,PUNP3,E. coli,15,NA,NA,NA,15
552,PUNP3_b,-1,R_PUNP3,PUNP3,All organisms,100.16667,NA,NA,NA,100.16667
553,PUNP4,1,R_PUNP4,PUNP4,E. coli,50.61333,NA,NA,NA,50.61333
554,PUNP4_b,-1,R_PUNP4,PUNP4,All organisms,100.16667,NA,NA,NA,100.16667
555,PUNP5,1,R_PUNP5,PUNP5,E. coli,50.945,NA,NA,NA,50.945
556,PUNP5_b,-1,R_PUNP5,PUNP5,All organisms,111.66667,NA,NA,NA,111.66667
557,PUNP6,1,R_PUNP6,PUNP6,E. coli,50.945,NA,NA,NA,50.945
558,PUNP6_b,-1,R_PUNP6,PUNP6,All organisms,111.66667,NA,NA,NA,111.66667
559,PUNP7,1,R_PUNP7,PUNP7,E. coli,50.61333,NA,NA,NA,50.61333
560,PUNP7_b,-1,R_PUNP7,PUNP7,All organisms,110,NA,NA,NA,110
561,PYAM5PO,1,R_PYAM5PO,PYAM5PO,E. coli,14.86,NA,NA,NA,14.86
562,PYDAMK,1,R_PYDAMK,PYDAMK,E. coli,0.55,NA,NA,NA,0.55
563,PYDXK,1,R_PYDXK,PYDXK,E. coli,2.15,NA,NA,NA,2.15
564,PYDXNK,1,R_PYDXNK,PYDXNK,E. coli,0.3,NA,NA,NA,0.3
565,PYDXPP,1,R_PYDXPP,PYDXPP,NA,NA,10.25,NA,NA,10.25
566,PYK,1,R_PYK,PYK,E. coli,135.64286,NA,NA,NA,135.64286
567,QULNS,1,R_QULNS,QULNS,NA,NA,NA,NA,0.38,0.38
568,RBFK,1,R_RBFK,RBFK,All organisms,0.4,NA,NA,NA,0.4
569,RBFSa,1,R_RBFSa,RBFSa,NA,NA,NA,NA,0.05,0.05
570,RBFSb,1,R_RBFSb,RBFSb,E. coli,0.13767,NA,NA,8.2,8.2
571,RBK,1,R_RBK,RBK,All organisms,10.5,NA,NA,NA,10.5
572,RBK_L1,1,R_RBK_L1,RBK_L1,E. coli,40.42,NA,NA,NA,40.42
573,RBP4E,1,R_RBP4E,RBP4E,E. coli,9.27384,NA,NA,NA,9.27384
574,RHCCE,1,R_RHCCE,RHCCE,NA,NA,NA,NA,0.4,0.4
575,RMI,1,R_RMI,RMI,All organisms,68,NA,NA,NA,68
576,RMI_b,-1,R_RMI,RMI,All organisms,1717,NA,NA,NA,1717
577,RMPA,1,R_RMPA,RMPA,E. coli,38.3,NA,NA,NA,38.3
578,RNDR3,1,R_RNDR3,RNDR3,E. coli,8.115,NA,NA,NA,8.115
579,RNDR3b,1,R_RNDR3b,RNDR3b,NA,NA,2.5,NA,NA,2.5
580,RPE,1,R_RPE,RPE,All organisms,1180.01255,NA,NA,NA,1180.01255
581,RPE_b,-1,R_RPE,RPE,All organisms,1300,NA,NA,NA,1300
582,RPI,1,R_RPI,RPI,E. coli,2100,NA,NA,2100,2100
583,RPI_b,-1,R_RPI,RPI,All organisms,50,NA,NA,NA,50
584,SARCOX,1,R_SARCOX,SARCOX,All organisms,37.43333,NA,NA,NA,37.43333
585,SDPDS,1,R_SDPDS,SDPDS,All organisms,0.0555,NA,200,NA,200
586,SELCYSS,1,R_SELCYSS,SELCYSS,E. coli,0.0217,NA,NA,NA,0.0217
587,SELR,1,NA,SELR,NA,NA,387,NA,NA,387
588,SEPHCHCS,1,NA,SEPHCHCS,NA,NA,0.063,NA,NA,0.063
589,SERAT,1,R_SERAT,SERAT,E. coli,217.742,NA,NA,386,386
590,SERAT_b,-1,R_SERAT,SERAT,E. coli,115.217,NA,NA,NA,115.217
591,SERD_D,1,R_SERD_D,SERD_D,NA,NA,13.1,NA,NA,13.1
592,SERD_L,1,R_SERD_L,SERD_L,E. coli,490,NA,NA,NA,490
593,SERTRS,1,R_SERTRS,SERTRS,All organisms,1.72829,NA,NA,NA,1.72829
594,SERTRS2,1,R_SERTRS2,SERTRS2,All organisms,1.741,NA,NA,NA,1.741
595,SFGTHi,1,R_SFGTHi,SFGTHi,E. coli,17.505,NA,NA,NA,17.505
596,SHK3Dr,1,R_SHK3Dr,SHK3Dr,All organisms,31.35933,NA,NA,NA,31.35933
597,SHK3Dr_b,-1,R_SHK3Dr,SHK3Dr,E. coli,11445.6675,NA,NA,NA,11445.6675
598,SHKK,1,R_SHKK,SHKK,All organisms,35,NA,NA,NA,35
599,SHSL1,1,R_SHSL1,SHSL1,NA,NA,NA,NA,60.5,60.5
600,SPMDAT1,1,R_SPMDAT1,SPMDAT1,All organisms,2.958,NA,NA,NA,2.958
601,SPMDAT2,1,R_SPMDAT2,SPMDAT2,All organisms,2.958,NA,NA,NA,2.958
602,SPMS,1,R_SPMS,SPMS,All organisms,6.8175,NA,NA,NA,6.8175
603,SSALx,1,R_SSALx,SSALx,NA,NA,31.7,NA,NA,31.7
604,SUCDi,1,R_SUCDi,SUCDi,E. coli,167,NA,NA,NA,167
605,SUCOAS,1,R_SUCOAS,SUCOAS,All organisms,25.66667,NA,NA,NA,25.66667
606,SUCOAS_b,-1,R_SUCOAS,SUCOAS,All organisms,21,NA,NA,NA,21
607,TALA_b,-1,R_TALA,TALA,All organisms,5.67,NA,NA,NA,5.67
608,TAUDO,1,R_TAUDO,TAUDO,E. coli,2.34,NA,NA,NA,2.34
609,TDPAGTA,1,R_TDPAGTA,TDPAGTA,E. coli,5.66,NA,NA,NA,5.66
610,TDPDRR,1,R_TDPDRR,TDPDRR,All organisms,29,NA,NA,NA,29
611,TDPGDH,1,R_TDPGDH,TDPGDH,E. coli,3.4,NA,NA,NA,3.4
612,TGBPA,1,R_TGBPA,TGBPA,E. coli,2.1,NA,NA,NA,2.1
613,THDPS,1,R_THDPS,THDPS,NA,NA,NA,NA,18,18
614,THFAT,1,NA,THFAT,NA,NA,18.4,NA,NA,18.4
615,THRA2i,1,R_THRA2i,THRA2i,All organisms,43,NA,NA,NA,43
616,THRAi,1,R_THRAi,THRAi,All organisms,41,NA,NA,NA,41
617,THRD,1,R_THRD,THRD,E. coli,135,NA,NA,NA,135
618,THRS,1,R_THRS,THRS,E. coli,7.33,NA,NA,NA,7.33
619,THRTRS,1,R_THRTRS,THRTRS,E. coli,49.30133,NA,NA,NA,49.30133
620,TKT1,1,R_TKT1,TKT1,All organisms,21.92635,NA,NA,NA,21.92635
621,TKT2,1,R_TKT2,TKT2,All organisms,20.43874,NA,NA,NA,20.43874
622,TMAOR1,1,R_TMAOR1,TMAOR1,NA,NA,114,NA,NA,114
623,TMAOR1pp,1,R_TMAOR1pp,TMAOR1pp,NA,NA,258,NA,NA,258
624,TMDK1,1,R_TMDK1,TMDK1,All organisms,114.104,NA,NA,NA,114.104
625,TMDPP,1,R_TMDPP,TMDPP,E. coli,984,NA,NA,NA,984
626,TMDS,1,R_TMDS,TMDS,NA,NA,3.11,NA,0.74,3.11
627,TMPK,1,R_TMPK,TMPK,NA,NA,NA,NA,0.12,0.12
628,TPI,1,R_TPI,TPI,All organisms,460.5,NA,NA,250,460.5
629,TPI_b,-1,R_TPI,TPI,E. coli,9000,NA,NA,4500,9000
630,TRDR,1,R_TRDR,TRDR,All organisms,16.955,NA,NA,NA,16.955
631,TRE6PP,1,R_TRE6PP,TRE6PP,NA,NA,14.3,NA,NA,14.3
632,TRE6PS,1,R_TRE6PS,TRE6PS,E. coli,5.2,NA,NA,NA,5.2
633,TREH,1,R_TREH,TREH,E. coli,199,NA,NA,NA,199
634,TREHpp,1,R_TREHpp,TREHpp,E. coli,199,NA,NA,NA,199
635,TRPAS2,1,R_TRPAS2,TRPAS2,All organisms,42,NA,NA,NA,42
636,TRPS1,1,R_TRPS1,TRPS1,All organisms,3.85906,NA,NA,NA,3.85906
637,TRPS2,1,R_TRPS2,TRPS2,All organisms,4.45194,NA,NA,NA,4.45194
638,TRPS3,1,R_TRPS3,TRPS3,All organisms,2.09,NA,NA,NA,2.09
639,TRPTRS,1,R_TRPTRS,TRPTRS,All organisms,4.14217,NA,NA,NA,4.14217
640,TYROXDApp,1,R_TYROXDApp,TYROXDApp,All organisms,28.89711,NA,NA,NA,28.89711
641,TYRPpp,1,R_TYRPpp,TYRPpp,NA,NA,62.4,NA,NA,62.4
642,TYRTA,1,R_TYRTA,TYRTA,E. coli,31.075,NA,NA,NA,31.075
643,TYRTA_b,-1,R_TYRTA,TYRTA,All organisms,64.16667,NA,NA,NA,64.16667
644,TYRTRS,1,R_TYRTRS,TYRTRS,E. coli,6.37,NA,NA,NA,6.37
645,U23GAAT,1,R_U23GAAT,U23GAAT,NA,NA,NA,NA,9.1,9.1
646,UAAGDS,1,R_UAAGDS,UAAGDS,NA,NA,NA,NA,1.1,1.1
647,UAG2E,1,R_UAG2E,UAG2E,E. coli,3.625,NA,NA,NA,3.625
648,UAGAAT,1,R_UAGAAT,UAGAAT,E. coli,9.16667,NA,NA,NA,9.16667
649,UAGCVT,1,R_UAGCVT,UAGCVT,E. coli,4.75,NA,NA,3.8,4.75
650,UAGDP,1,R_UAGDP,UAGDP,E. coli,68.41429,NA,NA,2.333333333,68.41429
651,UAGPT3,1,R_UAGPT3,UAGPT3,NA,NA,0.72,NA,0.72,0.72
652,UAMAGS,1,R_UAMAGS,UAMAGS,NA,NA,NA,NA,6.7,6.7
653,UAMAS,1,R_UAMAS,UAMAS,E. coli,11.575,NA,NA,6.9,11.575
654,UAPGR,1,R_UAPGR,UAPGR,E. coli,22.02105,NA,NA,20,22.02105
655,UDCPDP,1,R_UDCPDP,UDCPDP,E. coli,9,NA,NA,NA,9
656,UDCPDPpp,1,R_UDCPDPpp,UDCPDPpp,E. coli,9,NA,NA,NA,9
657,UDCPDPS,1,R_UDCPDPS,UDCPDPS,NA,NA,2.5,NA,2.5,2.5
658,UDPG4E,1,R_UDPG4E,UDPG4E,E. coli,18,NA,NA,NA,18
659,UDPG4E_b,-1,R_UDPG4E,UDPG4E,E. coli,680,NA,NA,750,750
660,UDPGALM,1,R_UDPGALM,UDPGALM,NA,NA,1.5,NA,NA,1.5
661,UDPGD,1,R_UDPGD,UDPGD,All organisms,1.95425,NA,NA,NA,1.95425
662,UDPGPpp,1,R_UDPGPpp,UDPGPpp,NA,NA,71,NA,NA,71
663,UGLT,1,R_UGLT,UGLT,E. coli,340.75,NA,NA,NA,340.75
664,UGLT_b,-1,R_UGLT,UGLT,E. coli,283,NA,NA,NA,283
665,UGMDDS,1,R_UGMDDS,UGMDDS,NA,NA,NA,NA,11,11
666,UHGADA,1,R_UHGADA,UHGADA,NA,NA,NA,NA,3.3,3.3
667,UMPK,1,R_UMPK,UMPK,All organisms,107.399,NA,NA,NA,107.399
668,UPP3MT,1,R_UPP3MT,UPP3MT,All organisms,38,NA,NA,NA,38
669,UPP3S,1,R_UPP3S,UPP3S,E. coli,500,NA,NA,12,500
670,UPPDC1,1,R_UPPDC1,UPPDC1,NA,NA,0.317,NA,NA,0.317
671,UPPRT,1,R_UPPRT,UPPRT,All organisms,3.85333,NA,NA,NA,3.85333
672,URIC,1,R_URIC,URIC,All organisms,24.7,NA,NA,NA,24.7
673,URIH,1,R_URIH,URIH,E. coli,9.3,NA,NA,NA,9.3
674,VALTA,1,R_VALTA,VALTA,E. coli,19,NA,NA,NA,19
675,VALTA_b,-1,R_VALTA,VALTA,All organisms,290,NA,NA,NA,290
676,VALTRS,1,R_VALTRS,VALTRS,E. coli,24.4,NA,NA,NA,24.4
677,XPPT,1,R_XPPT,XPPT,E. coli,131,NA,NA,NA,131
678,XYLI1,1,R_XYLI1,XYLI1,All organisms,68.93588,NA,NA,NA,68.93588
679,XYLI1_b,-1,R_XYLI1,XYLI1,All organisms,7.7,NA,NA,NA,7.7
680,XYLI2,1,R_XYLI2,XYLI2,All organisms,16.91052,NA,NA,NA,16.91052
681,XYLI2_b,-1,R_XYLI2,XYLI2,All organisms,11.085,NA,NA,NA,11.085
682,XYLK,1,R_XYLK,XYLK,E. coli,3427.5,NA,NA,NA,3427.5
683,NA,1,R_MME,NA,All organisms,1550,NA,NA,NA,1550
684,ATPS4rpp_b,1,R_ATPS4rpp,ATPS4rpp,E. coli,NA,NA,270,NA,270
685,ACONTa_f,1,R_ACONTa,ACONTa,Salmonila,NA,NA,5.3,NA,5.3
