"","Enzyme.ID","Gene.composition","genes","stoich","nUnknown","nGenes"
"1","1-ACYLGLYCEROL-3-P-ACYLTRANSFER-MONOMER","b3018(1)","b3018","1","0",1
"2","1-PFK","b2168(2)","b2168","2","0",1
"3","2-DEHYDROPANTOATE-REDUCT-MONOMER","b0425(1)","b0425","1","0",1
"4","2-ISOPROPYLMALATESYN-MONOMER","b0074(1)","b0074","1","0",1
"5","2-OCTAPRENYL-METHOXY-BENZOQ-METH-MONOMER","b3833(1)","b3833","1","0",1
"6","2-OCTAPRENYLPHENOL-HYDROX-MONOMER","b3835(1)","b3835","1","0",1
"7","2OXOGLUTARATEDEH-CPLX","b0726(12) AND b0116(2) AND b0727(24)","b0116,b0726,b0727","2,12,24","0",3
"8","3-ISOPROPYLMALDEHYDROG-CPLX","b0073(2)","b0073","2","0",1
"9","3-ISOPROPYLMALISOM-CPLX","b0071(1) AND b0072(1)","b0071,b0072","1,1","0",2
"10","3-METHYL-2-OXOBUT-OHCH3XFER-CPLX","b0134(10)","b0134","10","0",1
"11","3-OXOACYL-ACP-REDUCT-MONOMER","b1093(1)","b1093","1","0",1
"12","3-OXOACYL-ACP-SYNTHII-CPLX","b1095(2)","b1095","2","0",1
"13","4OHBENZOATE-OCTAPRENYLTRANSFER-MONOMER","b4040(1)","b4040","1","0",1
"14","6PFK-1-CPX","b3916(4)","b3916","4","0",1
"15","6PFK-2-CPX","b1723(2)","b1723","2","0",1
"16","6PGLUCONDEHYDROG-CPLX","b2029(2)","b2029","2","0",1
"17","6PGLUCONOLACT-MONOMER","b0767(1)","b0767","1","0",1
"18","7KAPSYN-CPLX","b0776(2)","b0776","2","0",1
"19","AAS-MONOMER","b2836(1)","b2836","1","0",1
"20","ABC-10-CPLX","b0592(1) AND b0589(1) AND b0590(1) AND b0588(2)","b0588,b0589,b0590,b0592","2,1,1,1","0",4
"21","ABC-11-CPLX","b0152(1) AND b0151(2) AND b0153(2)","b0151,b0152,b0153","2,1,2","0",3
"22","ABC-12-CPLX","b0809(2) AND b0811(1) AND b0810(2)","b0809,b0810,b0811","2,2,1","0",3
"23","ABC-13-CPLX","b0655() AND b0654() AND b0653() AND b0652()","b0652,b0653,b0654,b0655","1,1,1,1","4",4
"24","ABC-14-CPLX","b2309(1) AND b2308(1) AND b2307(1) AND b2306(2)","b2306,b2307,b2308,b2309","2,1,1,1","0",4
"25","ABC-15-CPLX","b3460(1) AND b3456(1) AND b3457(1) AND b3454(1) AND b3455(1)","b3454,b3455,b3456,b3457,b3460","1,1,1,1,1","0",5
"26","ABC-16-CPLX","b4034(1) AND b4035(2) AND b4033(1) AND b4032(1)","b4032,b4033,b4034,b4035","1,1,1,2","0",4
"27","ABC-18-CPLX","b2150(1) AND b2148(2) AND b2149(2)","b2148,b2149,b2150","2,2,1","0",3
"28","ABC-19-CPLX","b0764(2) AND b0765(2) AND b0763(1)","b0763,b0764,b0765","1,2,2","0",3
"29","ABC-2-CPLX","b1900(2) AND b1901(1) AND b4460(2)","b1900,b1901,b4460","2,1,2","0",3
"30","ABC-20-CPLX","b3476(1) AND b3477(1) AND b3478(1) AND b3479(1) AND b3480(1)","b3476,b3477,b3478,b3479,b3480","1,1,1,1,1","0",5
"31","ABC-22-CPLX","b1245(1) AND b1244(1) AND b1247(1) AND b1246(1) AND b1243(1)","b1243,b1244,b1245,b1246,b1247","1,1,1,1,1","0",5
"32","ABC-24-CPLX","b1124(1) AND b1125(1) AND b1126(2) AND b1123(1)","b1123,b1124,b1125,b1126","1,1,1,2","0",4
"33","ABC-25-CPLX","b0857(1) AND b0856(1) AND b0854(1) AND b0855(2)","b0854,b0855,b0856,b0857","1,2,1,1","0",4
"34","ABC-26-CPLX","b2678(2) AND b2677(2) AND b2679(1)","b2677,b2678,b2679","2,2,1","0",3
"35","ABC-27-CPLX","b3725(2) AND b3728(1) AND b3726(1) AND b3727(1)","b3725,b3726,b3727,b3728","2,1,1,1","0",4
"36","ABC-28-CPLX_EG10817-MONOMER","b3751() AND b3750() AND b3748() AND b3749()","b3748,b3749,b3750,b3751","1,1,1,1","4",4
"37","ABC-3-CPLX","b2308(1) AND b2310(1) AND b2307(1) AND b2306(2)","b2306,b2307,b2308,b2310","2,1,1,1","0",4
"38","ABC-304-CPLX","b3458(1) AND b3456(1) AND b3457(1) AND b3454(1) AND b3455(1)","b3454,b3455,b3456,b3457,b3458","1,1,1,1,1","0",5
"39","ABC-32-CPLX","b0067(2) AND b0066(2) AND b0068(1)","b0066,b0067,b0068","2,2,1","0",3
"40","ABC-33-CPLX","b3566(1) AND b3567(2) AND b3568(2)","b3566,b3567,b3568","1,2,2","0",3
"41","ABC-34-CPLX","b3452(1) AND b3453(1) AND b3451(1) AND b3450(2)","b3450,b3451,b3452,b3453","2,1,1,1","0",4
"42","ABC-35-CPLX","b2200(1) AND b2201(2) AND b2197(1) AND b2198(1) AND b2199(1)","b2197,b2198,b2199,b2200,b2201","1,1,1,1,2","0",5
"43","ABC-4-CPLX","b0864(2) AND b0862(1) AND b0863(1) AND b0860(1) AND b0861(1)","b0860,b0861,b0862,b0863,b0864","1,1,1,1,2","0",5
"44","ABC-40-CPLX","b2128(1) AND b2130(1) AND b2131(1) AND b2129(2)","b2128,b2129,b2130,b2131","1,2,1,1","0",4
"45","ABC-42-CPLX","b4088(1) AND b4087(2) AND b4086(2)","b4086,b4087,b4088","2,2,1","0",3
"46","ABC-46-CPLX","b4485(1) AND b4231(1) AND b4227(1) AND b4230(2)","b4227,b4230,b4231,b4485","1,2,1,1","0",4
"47","ABC-49-CPLX","b0831(1) AND b0830(1) AND b0829(2) AND b0832(1)","b0829,b0830,b0831,b0832","2,1,1,1","0",4
"48","ABC-5-CPLX","b1709(2) AND b0158(1) AND b1711(2)","b0158,b1709,b1711","1,2,2","0",3
"49","ABC-51-CPLX","b1443(1) AND b1442(1) AND b1440(1) AND b1441(2)","b1440,b1441,b1442,b1443","1,2,1,1","0",4
"50","ABC-53-CPLX","b4261() AND b4262() AND b3201(2) AND b3199() AND b3200()","b3199,b3200,b3201,b4261,b4262","1,1,2,1,1","4",5
"51","ABC-56-CPLX","b0934(2) AND b0933(2) AND b0936()","b0933,b0934,b0936","2,2,1","1",3
"52","ABC-59-CPLX","b1487(1) AND b1486(1) AND b1485(1) AND b1484(1) AND b1483(1)","b1483,b1484,b1485,b1486,b1487","1,1,1,1,1","0",5
"53","ABC-6-CPLX","b0887(2) AND b0886(2)","b0886,b0887","2,2","0",2
"54","ABC-63-CPLX","b1859(2) AND b1858(2) AND b1857(1)","b1857,b1858,b1859","1,2,2","0",3
"55","ABC-64-CPLX","b0365(1) AND b0366(2) AND b0367(2)","b0365,b0366,b0367","1,2,2","0",3
"56","ABC-7-CPLX","b2422(2) AND b2423(1) AND b2424(1) AND b2425(1)","b2422,b2423,b2424,b2425","2,1,1,1","0",4
"57","ABC-70-CPLX","b3917(1) AND b2422(2) AND b2423(1) AND b2424(1)","b2422,b2423,b2424,b3917","2,1,1,1","0",4
"58","ABC-8-CPLX","b3540(1) AND b3541(1) AND b3542(1) AND b3543(1) AND b3544(1)","b3540,b3541,b3542,b3543,b3544","1,1,1,1,1","0",5
"59","ABC-9-CPLX","b4287(2) AND b4290(1) AND b4288(1) AND b4289(1)","b4287,b4288,b4289,b4290","2,1,1,1","0",4
"60","ACETATEKINA-MONOMER","b2296(1)","b2296","1","0",1
"61","ACETOACETYL-COA-TRANSFER-CPLX","b2222(2) AND b2221(2)","b2221,b2222","2,2","0",2
"62","ACETOLACTSYNI-CPLX","b3671(2) AND b3670(2)","b3670,b3671","2,2","0",2
"63","ACETOLACTSYNIII-CPLX","b0078(2) AND b0077(2)","b0077,b0078","2,2","0",2
"64","ACETYL-COA-ACETYLTRANSFER-CPLX","b2224(4)","b2224","4","0",1
"65","ACETYL-COA-CARBOXYLMULTI-CPLX","b3255(2) AND b2316(2) AND b0185(2) AND b3256(2)","b0185,b2316,b3255,b3256","2,2,2,2","0",4
"66","ACETYLGLUTKIN-CPLX","b3959(2)","b3959","2","0",1
"67","ACETYLORNDEACET-CPLX","b3957(2)","b3957","2","0",1
"68","ACETYLORNTRANSAM-CPLX","b3359(2)","b3359","2","0",1
"69","ACNEULY-CPLX","b3225(4)","b3225","4","0",1
"70","ACS-MONOMER","b4069(1)","b4069","1","0",1
"71","ACSERLYA-CPLX","b2414(2)","b2414","2","0",1
"72","ACSERLYB-CPLX","b2421(2)","b2421","2","0",1
"73","ACYLCOADEHYDROG-MONOMER","b0221(1)","b0221","1","0",1
"74","ACYLCOASYN-CPLX","b1805(2)","b1805","2","0",1
"75","ADCLY-CPLX","b1096(2)","b1096","2","0",1
"76","ADENODEAMIN-MONOMER","b1623(1)","b1623","1","0",1
"77","ADENPRIBOSYLTRAN-CPLX","b0469(2)","b0469","2","0",1
"78","ADENYL-KIN-MONOMER","b0474(1)","b0474","1","0",1
"79","ADENYLATECYC-MONOMER","b3806(1)","b3806","1","0",1
"80","ADENYLOSUCCINATE-SYN-DIMER","b4177(2)","b4177","2","0",1
"81","ADENYLYLSULFKIN-CPLX","b2750(2)","b2750","2","0",1
"82","ADHC-CPLX","b0356(2)","b0356","2","0",1
"83","ADHE-CPLX","b1241(40)","b1241","40","0",1
"84","ADHP-MONOMER","b1478(1)","b1478","1","0",1
"85","AERGLYC3PDEHYDROG-CPLX","b3426(2)","b3426","2","0",1
"86","AGMATIN-CPLX","b2937(2)","b2937","2","0",1
"87","AICARTRANSIMPCYCLO-CPLX","b4006(1)","b4006","1","0",1
"88","AIRS-CPLX","b2499(2)","b2499","2","0",1
"89","AKBLIG-CPLX","b3617(2)","b3617","2","0",1
"90","Ala_RS_tetra","b2697(4)","b2697","4","0",1
"91","ALARACEBIOSYN-MONOMER","b4053(1)","b4053","1","0",1
"92","ALD-CPLX","b1415(4)","b1415","4","0",1
"93","ALDHDEHYDROG-MONOMER","b1300(1)","b1300","1","0",1
"94","ALDOSE1EPIM-MONOMER","b0756(1)","b0756","1","0",1
"95","ALKAPHOSPHA-CPLX","b0383(2)","b0383","2","0",1
"96","ALPHA-AMYL-CYTO-MONOMER","b1927(1)","b1927","1","0",1
"97","ALPHA-AMYL-PERI-MONOMER","b3571(1)","b3571","1","0",1
"98","ALPHAGALACTOSID-CPLX","b4119(2)","b4119","2","0",1
"99","ALTRO-OXIDOREDUCT-MONOMER","b1521(1)","b1521","1","0",1
"100","ALTRODEHYDRAT-MONOMER","b3091(1)","b3091","1","0",1
"101","AMINEOXID-CPLX","b1386(2)","b1386","2","0",1
"102","AMP-NUCLEOSID-CPLX","b1982(6)","b1982","6","0",1
"103","AMPG-MONOMER","b0433(1)","b0433","1","0",1
"104","AMYLOMALT-MONOMER","b3416(1)","b3416","1","0",1
"105","ANGLYC3PDEHYDROG-CPLX","b2241(1) AND b2242(1) AND b2243(1)","b2241,b2242,b2243","1,1,1","0",3
"106","ANSA-CPLX","b1767(2)","b1767","2","0",1
"107","ANSB-CPLX","b2957(4)","b2957","4","0",1
"108","ANSP-MONOMER","b1453(1)","b1453","1","0",1
"109","ANTHRANSYN-CPLX","b1263(2) AND b1264(2)","b1263,b1264","2,2","0",2
"110","ANTHRANSYNCOMPII-MONOMER","b1263(1)","b1263","1","0",1
"111","APHA-CPLX","b4055(4)","b4055","4","0",1
"112","APO-ENTB","b0595(5)","b0595","5","0",1
"113","APP-UBIOX-CPLX","b0978(1) AND b0979(1)","b0978,b0979","1,1","0",2
"114","ARABISOM-CPLX","b0062(6)","b0062","6","0",1
"115","ARAE-MONOMER","b2841(1)","b2841","1","0",1
"116","ARCD-MONOMER","b1605(1)","b1605","1","0",1
"117","ARGDECARBOXBIO-CPLX","b2938(4)","b2938","4","0",1
"118","ARGDECARBOXDEG-CPLX","b4117(10)","b4117","10","0",1
"119","ArgS_mono","b1876(1)","b1876","1","0",1
"120","ARGSUCCINLYA-MONOMER","b3960(1)","b3960","1","0",1
"121","ARGSUCCTRAN-MONOMER","b1747(1)","b1747","1","0",1
"122","AROA-MONOMER","b0908(1)","b0908","1","0",1
"123","AROB-MONOMER","b3389(1)","b3389","1","0",1
"124","AROC-CPLX","b2329(4)","b2329","4","0",1
"125","AROD-CPLX","b1693(2)","b1693","2","0",1
"126","AROE-MONOMER","b3281(1)","b3281","1","0",1
"127","AROF-CPLX","b2601(2)","b2601","2","0",1
"128","AROG-CPLX","b0754(4)","b0754","4","0",1
"129","AROH-CPLX","b1704(2)","b1704","2","0",1
"130","AROK-MONOMER","b3390(1)","b3390","1","0",1
"131","AROL-MONOMER","b0388(1)","b0388","1","0",1
"132","AROP-MONOMER","b0112(1)","b0112","1","0",1
"133","ASL-MONOMER","b1131(1)","b1131","1","0",1
"134","Asn_RS_dim","b0930(2)","b0930","2","0",1
"135","ASNSYNA-CPLX","b3744(2)","b3744","2","0",1
"136","ASNSYNB-CPLX","b0674(2)","b0674","2","0",1
"137","Asp_RS_dim","b1866(2)","b1866","2","0",1
"138","ASP-SEMIALDEHYDE-DEHYDROGENASE-CPLX","b3433(2)","b3433","2","0",1
"139","ASPAMINOTRANS-DIMER","b0928(2)","b0928","2","0",1
"140","ASPARTASE-CPLX","b4139(4)","b4139","4","0",1
"141","ASPCARBCAT-TRIMER","b4245(3)","b4245","3","0",1
"142","ASPCARBTRANS-CPLX","b4245(6) AND b4244(6)","b4244,b4245","6,6","0",2
"143","ASPKINIHOMOSERDEHYDROGI-CPLX","b0002(4)","b0002","4","0",1
"144","ASPKINIIHOMOSERDEHYDROGII-CPLX","b3940(2)","b3940","2","0",1
"145","ASPKINIII-CPLX","b4024(2)","b4024","2","0",1
"146","ATPASE-1-CPLX","b0698() AND b4513() AND b0697() AND b0696()","b0696,b0697,b0698,b4513","1,1,1,1","4",4
"147","ATPASE-1-CPLX_no_MONOMER0-12","b0698() AND b0697() AND b0696()","b0696,b0697,b0698","1,1,1","3",3
"148","ATPSYN-CPLX","b3733(1) AND b3738(1) AND b3732(3) AND b3736(2) AND b3731(1) AND b3735(1) AND b3737(10) AND b3734(3)","b3731,b3732,b3733,b3734,b3735,b3736,b3737,b3738","1,3,1,3,1,2,10,1","0",8
"149","ATPSYN-CPLX_EG10106-MONOMER","b3736() AND b3731() AND b3735() AND b3739() AND b3734() AND b3733() AND b3738() AND b3737() AND b3732()","b3731,b3732,b3733,b3734,b3735,b3736,b3737,b3738,b3739","1,1,1,1,1,1,1,1,1","9",9
"150","B0070-MONOMER","b0070(1)","b0070","1","0",1
"151","B0260-MONOMER","b0260(1)","b0260","1","0",1
"152","B0511-MONOMER","b0511(1)","b0511","1","0",1
"153","B0612-MONOMER","b0612(1)","b0612","1","0",1
"154","B0709-MONOMER","b0709(1)","b0709","1","0",1
"155","B0752-MONOMER","b0752(1)","b0752","1","0",1
"156","B1006-MONOMER","b1006(1)","b1006","1","0",1
"157","B1296-MONOMER","b1296(1)","b1296","1","0",1
"158","B1634-MONOMER","b1634(1)","b1634","1","0",1
"159","B2170-MONOMER","b2170(1)","b2170","1","0",1
"160","B2789-MONOMER","b2789(1)","b2789","1","0",1
"161","B2975-MONOMER","b2975(1)","b2975","1","0",1
"162","BADH-CPLX","b0312(4)","b0312","4","0",1
"163","BETAGALACTOSID-CPLX","b0344(4)","b0344","4","0",1
"164","BETT-MONOMER","b0314(1)","b0314","1","0",1
"165","BIOTIN-SYN-CPLX","b0775(2)","b0775","2","0",1
"166","BRANCHED-CHAINAMINOTRANSFER-CPLX","b3770(6)","b3770","6","0",1
"167","BRNQ-MONOMER","b0401(1)","b0401","1","0",1
"168","BTUE-MONOMER","b1710(1)","b1710","1","0",1
"169","CADB-MONOMER","b4132(1)","b4132","1","0",1
"170","CAIC-MONOMER","b0037(1)","b0037","1","0",1
"171","CARBODEHYDRAT-CPLX","b0339(2)","b0339","2","0",1
"172","CARBPSYN-CPLX","b0032(2) AND b0033(2)","b0032,b0033","2,2","0",2
"173","CARDIOLIPSYN-MONOMER","b1249(1)","b1249","1","0",1
"174","CARNDEHYDRA-CPLX","b0038(2)","b0038","2","0",1
"175","CARNRACE-MONOMER","b0036(1)","b0036","1","0",1
"176","CDPDIGLYPYPHOSPHA-MONOMER","b3918(1)","b3918","1","0",1
"177","CDPDIGLYSYN-MONOMER","b0175(1)","b0175","1","0",1
"178","CFA-CPLX","b1661(2)","b1661","2","0",1
"179","CHAA-MONOMER","b1216(1)","b1216","1","0",1
"180","CHD-MONOMER","b0311(1)","b0311","1","0",1
"181","CHORISMUTPREPHENDEHYDRAT-CPLX","b2599(2)","b2599","2","0",1
"182","CHORISMUTPREPHENDEHYDROG-CPLX","b2600(2)","b2600","2","0",1
"183","CHORPYRLY-MONOMER","b4039(1)","b4039","1","0",1
"184","cisGroES_hepta","b4142(7)","b4142","7","0",1
"185","CITC-MONOMER","b0618(1)","b0618","1","0",1
"186","CITLY-CPLX","b0616(6) AND b0617(6) AND b0615(6)","b0615,b0616,b0617","6,6,6","0",3
"187","CITRATE-SI-SYNTHASE","b0720(6)","b0720","6","0",1
"188","CMPKI-MONOMER","b0910(1)","b0910","1","0",1
"189","CMR-MONOMER","b0842(1)","b0842","1","0",1
"190","COADTRI-CPLX","b3634(6)","b3634","6","0",1
"191","COBALADENOSYLTRANS-MONOMER","b1270(1)","b1270","1","0",1
"192","COBS-MONOMER","b1992(1)","b1992","1","0",1
"193","COBU-CPLX","b1993(2)","b1993","2","0",1
"194","CODB-MONOMER","b0336(1)","b0336","1","0",1
"195","CORA-MONOMER","b3816(1)","b3816","1","0",1
"196","CPDB-MONOMER","b4213(1)","b4213","1","0",1
"197","CPLX-153","b2415(1) AND b2715(2) AND b2416(2)","b2415,b2416,b2715","1,2,2","0",3
"198","CPLX-154","b2415(1) AND b2416(2) AND b3722(2)","b2415,b2416,b3722","1,2,2","0",3
"199","CPLX-157","b2415(1) AND b2417(1) AND b1101(2) AND b2416(2)","b1101,b2415,b2416,b2417","2,1,2,1","0",4
"200","CPLX-158","b2415(1) AND b2416(2) AND b2167(2) AND b2169(1)","b2167,b2169,b2415,b2416","2,1,1,2","0",4
"201","CPLX-163","b2415(1) AND b0731(2) AND b2416(2)","b0731,b2415,b2416","2,1,2","0",3
"202","CPLX-164","b2415(1) AND b2417(1) AND b2416(2) AND b1621(2)","b1621,b2415,b2416,b2417","2,1,2,1","0",4
"203","CPLX-165","b2415(1) AND b1818(2) AND b2416(2) AND b1817(1) AND b1819(1)","b1817,b1818,b1819,b2415,b2416","1,2,1,1,2","0",5
"204","CPLX-166","b2415(1) AND b2416(2) AND b3599(2)","b2415,b2416,b3599","1,2,2","0",3
"205","CPLX-167","b2415(1) AND b2416(2) AND b0679(2)","b0679,b2415,b2416","2,1,2","0",3
"206","CPLX-168","b2415(1) AND b2417(1) AND b2416(2) AND b4240(2)","b2415,b2416,b2417,b4240","1,2,1,2","0",4
"207","CPLX-169","b2415() AND b2704() AND b2416() AND b2703() AND b2702()","b2415,b2416,b2702,b2703,b2704","1,1,1,1,1","5",5
"208","CPLX-171","b0508(2)","b0508","2","0",1
"209","CPLX-63","b1872(1) AND b1873(1)","b1872,b1873","1,1","0",2
"210","CPLX-64","b0512(4)","b0512","4","0",1
"211","CPLX-7","b3502(2)","b3502","2","0",1
"212","CPLX-722","b0980(2)","b0980","2","0",1
"213","CPLX-7524","b0516(2)","b0516","2","0",1
"214","CPLX0-1","b2710(4)","b2710","4","0",1
"215","CPLX0-1021","b0331(4)","b0331","4","0",1
"216","CPLX0-1142","b2374(2)","b2374","2","0",1
"217","CPLX0-1221","b3397(2)","b3397","2","0",1
"218","CPLX0-1261","b2465()","b2465","1","1",1
"219","CPLX0-1262","b3197(4)","b3197","4","0",1
"220","CPLX0-1341","b1681(1) AND b1683(1) AND b1682(2)","b1681,b1682,b1683","1,2,1","0",3
"221","CPLX0-1401","b2871(2)","b2871","2","0",1
"222","CPLX0-1541","b0159(2)","b0159","2","0",1
"223","CPLX0-1581","b0622(2)","b0622","2","0",1
"224","CPLX0-1601","b1587(1) AND b1590(1) AND b1588(1) AND b1589(1)","b1587,b1588,b1589,b1590","1,1,1,1","0",4
"225","CPLX0-1622","b1489(2)","b1489","2","0",1
"226","CPLX0-1666","b2341()","b2341","1","1",1
"227","CPLX0-1667","b2342()","b2342","1","1",1
"228","CPLX0-1669","b1701(2)","b1701","2","0",1
"229","CPLX0-1683","b3665(2)","b3665","2","0",1
"230","CPLX0-1721","b0572(3) AND b0573(1) AND b0574(1) AND b0575(3)","b0572,b0573,b0574,b0575","3,1,1,3","0",4
"231","CPLX0-1762","b1388() AND b1389() AND b1392() AND b1390()","b1388,b1389,b1390,b1392","1,1,1,1","4",4
"232","CPLX0-1923_EG10155-MONOMER","b3005() AND b1252() AND b2155() AND b3006()","b1252,b2155,b3005,b3006","1,1,1,1","4",4
"233","CPLX0-1923_EG10306-MONOMER","b1102() AND b3005() AND b1252() AND b3006()","b1102,b1252,b3005,b3006","1,1,1,1","4",4
"234","CPLX0-1924","b3966() AND b1252() AND b3005() AND b3006()","b1252,b3005,b3006,b3966","1,1,1,1","4",4
"235","CPLX0-1941","b1252() AND b3005() AND b0584() AND b3006()","b0584,b1252,b3005,b3006","1,1,1,1","4",4
"236","CPLX0-1942","b1252() AND b0150() AND b3005() AND b3006()","b0150,b1252,b3005,b3006","1,1,1,1","4",4
"237","CPLX0-1943","b4291() AND b1252() AND b3005() AND b3006()","b1252,b3005,b3006,b4291","1,1,1,1","4",4
"238","CPLX0-1962","b1539(4)","b1539","4","0",1
"239","CPLX0-201","b0825(12)","b0825","12","0",1
"240","CPLX0-2061","b3575(2)","b3575","2","0",1
"241","CPLX0-2081","b1199(1) AND b1198(2) AND b1200(2)","b1198,b1199,b1200","2,1,2","0",3
"242","CPLX0-2141","b3265() AND b3035() AND b3266()","b3035,b3265,b3266","1,1,1","3",3
"243","CPLX0-224","b0937(2)","b0937","2","0",1
"244","CPLX0-225","b0935(4)","b0935","4","0",1
"245","CPLX0-227","b0368(2)","b0368","2","0",1
"246","CPLX0-231","b2415(1) AND b2416(2) AND b2093(1) AND b2092(2) AND b2094(1)","b2092,b2093,b2094,b2415,b2416","2,1,1,1,2","0",5
"247","CPLX0-234","b2747(2)","b2747","2","0",1
"248","CPLX0-235","b3553(2)","b3553","2","0",1
"249","CPLX0-236","b1463(2)","b1463","2","0",1
"250","CPLX0-237","b3607(6)","b3607","6","0",1
"251","CPLX0-238","b3172(4)","b3172","4","0",1
"252","CPLX0-240","b3137(1) AND b3132(1)","b3132,b3137","1,1","0",2
"253","CPLX0-241","b2095(1) AND b2096(1)","b2095,b2096","1,1","0",2
"254","CPLX0-242","b3425(2)","b3425","2","0",1
"255","CPLX0-243","b4226(6)","b4226","6","0",1
"256","CPLX0-246_CPLX0-1342","b1679(2) AND b1680(2)","b1679,b1680","2,2","0",2
"257","CPLX0-250_FORMATEDEHYDROGH-MONOMER","b2487() AND b2484() AND b2488() AND b2481() AND b2486() AND b2485() AND b2482() AND b2489() AND b4079() AND b2490() AND b2483()","b2481,b2482,b2483,b2484,b2485,b2486,b2487,b2488,b2489,b2490,b4079","1,1,1,1,1,1,1,1,1,1,1","11",11
"258","CPLX0-251","b0333(2)","b0333","2","0",1
"259","CPLX0-252","b1091(2)","b1091","2","0",1
"260","CPLX0-253","b3028(2)","b3028","2","0",1
"261","CPLX0-254","b2919(6)","b2919","6","0",1
"262","CPLX0-3001","b0237(2)","b0237","2","0",1
"263","CPLX0-301","b3843(6)","b3843","6","0",1
"264","CPLX0-303","b3925(2)","b3925","2","0",1
"265","CPLX0-3061","b4260(6)","b4260","6","0",1
"266","CPLX0-3141","b3029(2)","b3029","2","0",1
"267","CPLX0-3161","b2472(4)","b2472","4","0",1
"268","CPLX0-3181","b0166(2)","b0166","2","0",1
"269","CPLX0-3201","b2328(2)","b2328","2","0",1
"270","CPLX0-321","b2564(8)","b2564","8","0",1
"271","CPLX0-322","b0477(2)","b0477","2","0",1
"272","CPLX0-341","b3639(12)","b3639","12","0",1
"273","CPLX0-3482","b3588(4)","b3588","4","0",1
"274","CPLX0-3641","b1444(4)","b1444","4","0",1
"275","CPLX0-3661","b3052(2)","b3052","2","0",1
"276","CPLX0-3681","b3619(5)","b3619","5","0",1
"277","CPLX0-3721","b3034(2)","b3034","2","0",1
"278","CPLX0-3741","b1210(2)","b1210","2","0",1
"279","CPLX0-3841","b1208(2)","b1208","2","0",1
"280","CPLX0-3861","b4474(8)","b4474","8","0",1
"281","CPLX0-3881","b2052(2)","b2052","2","0",1
"282","CPLX0-3929","b2708(4)","b2708","4","0",1
"283","CPLX0-3932","b0463() AND b2470() AND b3035()","b0463,b2470,b3035","1,1,1","3",3
"284","CPLX0-3936","b3058(8)","b3058","8","0",1
"285","CPLX0-3943","b1298(2)","b1298","2","0",1
"286","CPLX0-3948","b4394(2)","b4394","2","0",1
"287","CPLX0-3951","b0149(2)","b0149","2","0",1
"288","CPLX0-3951_G6561-MONOMER","b1069() AND b0149(2)","b0149,b1069","2,1","1",2
"289","CPLX0-3952","b1662(3)","b1662","3","0",1
"290","CPLX0-3954","b2154(4)","b2154","4","0",1
"291","CPLX0-3970","b1245(1) AND b1244(1) AND b1247(1) AND b1246(1) AND b1329(1)","b1244,b1245,b1246,b1247,b1329","1,1,1,1,1","0",5
"292","CPLX0-3971","b2467(3)","b2467","3","0",1
"293","CPLX0-3976_edit","b3785() AND b3793()","b3785,b3793","1,1","2",2
"294","CPLX0-682","b2615(6)","b2615","6","0",1
"295","CPLX0-7","b2415() AND b2429() AND b2417() AND b2416()","b2415,b2416,b2417,b2429","1,1,1,1","4",4
"296","CPLX0-721","b2746(3)","b2746","3","0",1
"297","CPLX0-7415","b0182(2)","b0182","2","0",1
"298","CPLX0-7426","b3187(2)","b3187","2","0",1
"299","CPLX0-7428","b2751(4) AND b2752(4)","b2751,b2752","4,4","0",2
"300","CPLX0-743","b0420(2)","b0420","2","0",1
"301","CPLX0-7458","b4467() AND b4468() AND b2979()","b2979,b4467,b4468","1,1,1","3",3
"302","CPLX0-7462","b1692(2)","b1692","2","0",1
"303","CPLX0-7465","b1190(2)","b1190","2","0",1
"304","CPLX0-7466","b3564(2)","b3564","2","0",1
"305","CPLX0-7520","b0340(10)","b0340","10","0",1
"306","CPLX0-7521","b0126(4)","b0126","4","0",1
"307","CPLX0-7525","b2264(2)","b2264","2","0",1
"308","CPLX0-7530","b0241(3)","b0241","3","0",1
"309","CPLX0-7532","b0451(3)","b0451","3","0",1
"310","CPLX0-7533","b2215(3)","b2215","3","0",1
"311","CPLX0-7534","b0929(3)","b0929","3","0",1
"312","CPLX0-7535","b4115(2)","b4115","2","0",1
"313","CPLX0-7564","b0029(2)","b0029","2","0",1
"314","CPLX0-761","b2868() AND b2866() AND b2867()","b2866,b2867,b2868","1,1,1","3",3
"315","CPLX0-7614","b2019(2)","b2019","2","0",1
"316","CPLX0-7615","b3126(6)","b3126","6","0",1
"317","CPLX0-7616","b0509(4)","b0509","4","0",1
"318","CPLX0-7622","b4471(2)","b4471","2","0",1
"319","CPLX0-7625","b2291(2)","b2291","2","0",1
"320","CPLX0-7629","b0019(2)","b0019","2","0",1
"321","CPLX0-7630","b0494(4)","b0494","4","0",1
"322","CPLX0-7631","b2802(6)","b2802","6","0",1
"323","CPLX0-7633","b2800(4)","b2800","4","0",1
"324","CPLX0-7641","b3915(2)","b3915","2","0",1
"325","CPLX0-7642","b4111(2)","b4111","2","0",1
"326","CPLX0-7643","b3774(4)","b3774","4","0",1
"327","CPLX0-7647","b3752(2)","b3752","2","0",1
"328","CPLX0-7652","b3903(4)","b3903","4","0",1
"329","CPLX0-7653","b0875(4)","b0875","4","0",1
"330","CPLX0-7654","b3927(4)","b3927","4","0",1
"331","CPLX0-7655","b4036(3)","b4036","3","0",1
"332","CPLX0-7659","b0414(2)","b0414","2","0",1
"333","CPLX0-7660","b0222(4)","b0222","4","0",1
"334","CPLX0-7674","b1250(4)","b1250","4","0",1
"335","CPLX0-7684","b2682() AND b2683()","b2682,b2683","1,1","2",2
"336","CPLX0-7685","b0125(4)","b0125","4","0",1
"337","CPLX0-7687","b1525(2)","b1525","2","0",1
"338","CPLX0-7688","b2661(4)","b2661","4","0",1
"339","CPLX0-7692","b2781(2)","b2781","2","0",1
"340","CPLX0-7694","b0485(4)","b0485","4","0",1
"341","CPLX0-7695","b1524(2)","b1524","2","0",1
"342","CPLX0-7704","b0914(2)","b0914","2","0",1
"343","CPLX0-7709","b1297(12)","b1297","12","0",1
"344","CPLX0-7712","b2051(2)","b2051","2","0",1
"345","CPLX0-7717","b3396(2)","b3396","2","0",1
"346","CPLX0-7717_G6561-MONOMER","b1069() AND b3396(2)","b1069,b3396","1,2","1",2
"347","CPLX0-7718","b2255(6)","b2255","6","0",1
"348","CPLX0-7719","b0750(2)","b0750","2","0",1
"349","CPLX0-7720","b2258() AND b4544()","b2258,b4544","1,1","2",2
"350","CPLX0-7732","b2428(2)","b2428","2","0",1
"351","CPLX0-7741","b2917(2)","b2917","2","0",1
"352","CPLX0-7744","b4196(2)","b4196","2","0",1
"353","CPLX0-7760","b1276(2)","b1276","2","0",1
"354","CPLX0-7761","b0118(2)","b0118","2","0",1
"355","CPLX0-7776","b2930(2)","b2930","2","0",1
"356","CPLX0-7788","b2146(2) AND b2147(2)","b2146,b2147","2,2","0",2
"357","CPLX0-7794","b3882(4)","b3882","4","0",1
"358","CPLX0-7808","b2436(2)","b2436","2","0",1
"359","CPLX0-7811","b3850(4)","b3850","4","0",1
"360","CPLX0-7817","b1654(2)","b1654","2","0",1
"361","CPLX0-7819","b0047(2)","b0047","2","0",1
"362","CPLX0-782","b0628(2)","b0628","2","0",1
"363","CPLX0-7824","b1684(2)","b1684","2","0",1
"364","CPLX0-7826","b2954(2)","b2954","2","0",1
"365","CPLX0-7838","b2810(2)","b2810","2","0",1
"366","CPLX0-7838_CPLX0-7839","b2810(2) AND b2811(2)","b2810,b2811","2,2","0",2
"367","CPLX0-7843","b0904(5)","b0904","5","0",1
"368","CPLX0-7847","b0052(2)","b0052","2","0",1
"369","CPLX0-7848","b4192(6)","b4192","6","0",1
"370","CPLX0-7877","b4025(2)","b4025","2","0",1
"371","CPLX0-7878","b2373(4)","b2373","4","0",1
"372","CPLX0-7882","b2262(6)","b2262","6","0",1
"373","CPLX0-7887","b2379(2)","b2379","2","0",1
"374","CPLX0-7888","b2290(2)","b2290","2","0",1
"375","CPLX0-7904","b2162(4)","b2162","4","0",1
"376","CPLX0-7906","b0040(3)","b0040","3","0",1
"377","CPLX0-7912","b2458(2)","b2458","2","0",1
"378","CPLX0-821","b3371(12)","b3371","12","0",1
"379","CPM-KDOSYNTH-MONOMER","b0918(1)","b0918","1","0",1
"380","CTPSYN-CPLX","b2780(4)","b2780","4","0",1
"381","CYCA-MONOMER","b4208(1)","b4208","1","0",1
"382","CYNX-MONOMER","b0341(1)","b0341","1","0",1
"383","CysS_mono","b0526(1)","b0526","1","0",1
"384","CYSTATHIONINE-BETA-LYASE-CPLX","b3008(4)","b3008","4","0",1
"385","CYT-D-UBIOX-CPLX","b0733(1) AND b0734(1)","b0733,b0734","1,1","0",2
"386","CYT-O-UBIOX-CPLX","b0429(1) AND b0431(1) AND b0430(1) AND b0432(1)","b0429,b0430,b0431,b0432","1,1,1,1","0",4
"387","CYTDEAM-MONOMER","b0337(1)","b0337","1","0",1
"388","CYTIDEAM-CPLX","b2143(2)","b2143","2","0",1
"389","DALADALALIGA-MONOMER","b0381(1)","b0381","1","0",1
"390","DALADALALIGB-CPLX","b0092(2)","b0092","2","0",1
"391","DALADEHYDROGA-MONOMER","b1189(1)","b1189","1","0",1
"392","DAPASYN-CPLX","b0774(2)","b0774","2","0",1
"393","DCTA-MONOMER","b3528(1)","b3528","1","0",1
"394","DCTP-DEAM-CPLX","b2065(3)","b2065","3","0",1
"395","DCUA-MONOMER","b4138(1)","b4138","1","0",1
"396","DCUB-MONOMER","b4123(1)","b4123","1","0",1
"397","DCUC-MONOMER","b0621(1)","b0621","1","0",1
"398","DCYSDESULF-CPLX","b1919(2)","b1919","2","0",1
"399","Def_mono","b3287(1)","b3287","1","0",1
"400","DEHYDDEOXGALACTKIN-MONOMER","b3693(1)","b3693","1","0",1
"401","DEHYDDEOXPHOSGALACT-ALDOL-MONOMER","b4477(1)","b4477","1","0",1
"402","DEOA-CPLX","b4382(2)","b4382","2","0",1
"403","DEOD-CPLX","b4384(6)","b4384","6","0",1
"404","DEOXYGLUCONOKIN-MONOMER","b3526(1)","b3526","1","0",1
"405","DEOXYRIBOSE-P-ALD-MONOMER","b4381(1)","b4381","1","0",1
"406","DETHIOBIOTIN-SYN-CPLX","b0778(2)","b0778","2","0",1
"407","DGTPTRIPHYDRO-CPLX","b0160(4)","b0160","4","0",1
"408","DHHB-METHYLTRANSFER-CPLX","b2232(2)","b2232","2","0",1
"409","DHPDIOXYGEN-CPLX","b0348(4)","b0348","4","0",1
"410","DIACYLGLYKIN-CPLX","b4042(3)","b4042","3","0",1
"411","DIAMINOPIMDECARB-CPLX","b2838(4)","b2838","4","0",1
"412","DIAMINOPIMEPIM-MONOMER","b3809(1)","b3809","1","0",1
"413","DIHYDRODIPICSYN-CPLX","b2478(4)","b2478","4","0",1
"414","DIHYDROFOLATEREDUCT-MONOMER","b0048(1)","b0048","1","0",1
"415","DIHYDROOROT-CPLX","b1062(2)","b1062","2","0",1
"416","DIHYDROOROTOX-MONOMER","b0945(1)","b0945","1","0",1
"417","DIHYDROPICRED-CPLX","b0031(4)","b0031","4","0",1
"418","DIHYDROPTERIREDUCT-CPLX","b0578(2)","b0578","2","0",1
"419","DIHYDROXYACIDDEHYDRAT-CPLX","b3771(2)","b3771","2","0",1
"420","DIMESULFREDUCT-CPLX","b0896(1) AND b0895(1) AND b0894(1)","b0894,b0895,b0896","1,1,1","0",3
"421","DIOHBUTANONEPSYN-CPLX","b3041(2)","b3041","2","0",1
"422","DLACTDEHYDROGFAD-MONOMER","b2133(1)","b2133","1","0",1
"423","DLACTDEHYDROGNAD-MONOMER","b1380(1)","b1380","1","0",1
"424","DMBPPRIBOSYLTRANS-CPLX","b1991(2)","b1991","2","0",1
"425","DMK-MONOMER","b3930(1)","b3930","1","0",1
"426","DnaJ_dim","b0015(2)","b0015","2","0",1
"427","DnaK_mono","b0014(1)","b0014","1","0",1
"428","DSBBPROT-MONOMER","b1185(1)","b1185","1","0",1
"429","DSBC-CPLX","b2893(2)","b2893","2","0",1
"430","DSBD-MONOMER","b4136(1)","b4136","1","0",1
"431","DSBG-CPLX","b0604(2)","b0604","2","0",1
"432","DSERDEAM-MONOMER","b2366(1)","b2366","1","0",1
"433","DTDPDEHYDRHAMEPIM-MONOMER","b2038(1)","b2038","1","0",1
"434","DTDPDEHYRHAMREDUCT-MONOMER","b2040(1)","b2040","1","0",1
"435","DTDPGLUCDEHYDRAT-CPLX","b2041(2)","b2041","2","0",1
"436","DTDPGLUCDEHYDRAT2-MONOMER","b3788(1)","b3788","1","0",1
"437","DTDPGLUCOSEPP-MONOMER","b2039(1)","b2039","1","0",1
"438","DTDPGLUCOSEPP2-MONOMER","b3789(1)","b3789","1","0",1
"439","DTMPKI-MONOMER","b1098(1)","b1098","1","0",1
"440","DusA_mono","b4049(1)","b4049","1","0",1
"441","DusB_mono","b3260(1)","b3260","1","0",1
"442","DusC_mono","b2140(1)","b2140","1","0",1
"443","DUTP-PYROP-CPLX","b3640(3)","b3640","3","0",1
"444","DXPREDISOM-CPLX","b0173(2)","b0173","2","0",1
"445","EG10041-MONOMER","b0110(1)","b0110","1","0",1
"446","EG10043-MONOMER","b4214(1)","b4214","1","0",1
"447","EG10048-MONOMER","b0049(1)","b0049","1","0",1
"448","EG10108-MONOMER","b2480(1)","b2480","1","0",1
"449","EG10119-MONOMER","b0777(1)","b0777","1","0",1
"450","EG10122-MONOMER","b3412(1)","b3412","1","0",1
"451","EG10124-MONOMER","b3551(1)","b3551","1","0",1
"452","EG10144-MONOMER","b1734(1)","b1734","1","0",1
"453","EG10153-MONOMER","b0827(1)","b0827","1","0",1
"454","EG10154-MONOMER","b0826(1)","b0826","1","0",1
"455","EG10168-MONOMER","b0657(1)","b0657","1","0",1
"456","EG10201-MONOMER","b0632(1)","b0632","1","0",1
"457","EG10202-MONOMER","b3182(1)","b3182","1","0",1
"458","EG10203-MONOMER","b0839(1)","b0839","1","0",1
"459","EG10280-MONOMER","b2344(1)","b2344","1","0",1
"460","EG10299-MONOMER","b0585(1)","b0585","1","0",1
"461","EG10341-MONOMER","b0084(1)","b0084","1","0",1
"462","EG10370-MONOMER","b2515(1)","b2515","1","0",1
"463","EG10374-MONOMER","b3447(1)","b3447","1","0",1
"464","EG10381-MONOMER","b3431(1)","b3431","1","0",1
"465","EG10456-MONOMER","b2552(1)","b2552","1","0",1
"466","EG10534-MONOMER","b2411(1)","b2411","1","0",1
"467","EG10544-MONOMER","b1677(1)","b1677","1","0",1
"468","EG10564-MONOMER","b1622(1)","b1622","1","0",1
"469","EG10606-MONOMER","b0635(1)","b0635","1","0",1
"470","EG10626-MONOMER","b0099(1)","b0099","1","0",1
"471","EG10669-MONOMER","b0957(1)","b0957","1","0",1
"472","EG10696-MONOMER","b0932(1)","b0932","1","0",1
"473","EG10723-MONOMER","b4094(1)","b4094","1","0",1
"474","EG10739-MONOMER","b3825(1)","b3825","1","0",1
"475","EG10780-MONOMER","b1308(1)","b1308","1","0",1
"476","EG10943-MONOMER","b1764(1)","b1764","1","0",1
"477","EG10950-MONOMER","b4392(1)","b4392","1","0",1
"478","EG10983-MONOMER","b2533(1)","b2533","1","0",1
"479","EG11009-MONOMER","b3035(1)","b3035","1","0",1
"480","EG11035-MONOMER","b0411(1)","b0411","1","0",1
"481","EG11082-MONOMER","b0030(1)","b0030","1","0",1
"482","EG11095-MONOMER","b0404(1)","b0404","1","0",1
"483","EG11110-MONOMER","b0736(1)","b0736","1","0",1
"484","EG11158-MONOMER","b2912(1)","b2912","1","0",1
"485","EG11167-MONOMER","b3040(1)","b3040","1","0",1
"486","EG11189-MONOMER","b3621(1)","b3621","1","0",1
"487","EG11239-MONOMER","b0766(1)","b0766","1","0",1
"488","EG11288-MONOMER","b0394(1)","b0394","1","0",1
"489","EG11339-MONOMER","b3631(1)","b3631","1","0",1
"490","EG11340-MONOMER","b3630(1)","b3630","1","0",1
"491","EG11341-MONOMER","b3632(1)","b3632","1","0",1
"492","EG11350-MONOMER","b3629(1)","b3629","1","0",1
"493","EG11351-MONOMER","b3628(1)","b3628","1","0",1
"494","EG11352-MONOMER","b3627(1)","b3627","1","0",1
"495","EG11353-MONOMER","b3626(1)","b3626","1","0",1
"496","EG11373-MONOMER","b2558(1)","b2558","1","0",1
"497","EG11423-MONOMER","b3623(1)","b3623","1","0",1
"498","EG11424-MONOMER","b3622(1)","b3622","1","0",1
"499","EG11425-MONOMER","b3625(1)","b3625","1","0",1
"500","EG11426-MONOMER","b3624(1)","b3624","1","0",1
"501","EG11433-MONOMER","b4219(1)","b4219","1","0",1
"502","EG11437-MONOMER","b1090(1)","b1090","1","0",1
"503","EG11470-MONOMER","b3826(1)","b3826","1","0",1
"504","EG11486-MONOMER","b3792(1)","b3792","1","0",1
"505","EG11511-MONOMER","b0009(1)","b0009","1","0",1
"506","EG11591-MONOMER","b0630(1)","b0630","1","0",1
"507","EG11595-MONOMER_EG11666-MONOMER","b0783() AND b0781()","b0781,b0783","1,1","2",2
"508","EG11597-MONOMER","b0784(1)","b0784","1","0",1
"509","EG11598-MONOMER","b0785(1)","b0785","1","0",1
"510","EG11600-MONOMER","b2521(1)","b2521","1","0",1
"511","EG11639-MONOMER","b1533(1)","b1533","1","0",1
"512","EG11653-MONOMER","b3807(1)","b3807","1","0",1
"513","EG11665-MONOMER","b3057(1)","b3057","1","0",1
"514","EG11671-MONOMER","b2223(1)","b2223","1","0",1
"515","EG11674-MONOMER","b3059(1)","b3059","1","0",1
"516","EG11702-MONOMER","b3996(1)","b3996","1","0",1
"517","EG11724-MONOMER","b3714(1)","b3714","1","0",1
"518","EG11736-MONOMER","b0200(1)","b0200","1","0",1
"519","EG11796-MONOMER","b4386(1)","b4386","1","0",1
"520","EG11817-MONOMER","b2744(1)","b2744","1","0",1
"521","EG11822-MONOMER","b1301(1)","b1301","1","0",1
"522","EG11829-MONOMER","b3857(1)","b3857","1","0",1
"523","EG11829-MONOMER_EG11828-MONOMER","b3856() AND b3857()","b3856,b3857","1,1","2",2
"524","EG11905-MONOMER","b3946(1)","b3946","1","0",1
"525","EG11910-MONOMER_dimer","b3951(2)","b3951","2","0",1
"526","EG11911-MONOMER","b3952(1)","b3952","1","0",1
"527","EG11956-MONOMER","b4084(1)","b4084","1","0",1
"528","EG11957-MONOMER","b4085(1)","b4085","1","0",1
"529","EG11983-MONOMER","b2034(1)","b2034","1","0",1
"530","EG11984-MONOMER","b2033(1)","b2033","1","0",1
"531","EG11985-MONOMER","b2032(1)","b2032","1","0",1
"532","EG12013-MONOMER","b2132(1)","b2132","1","0",1
"533","EG12015-MONOMER","b2134(1)","b2134","1","0",1
"534","EG12069-MONOMER","b2210(1)","b2210","1","0",1
"535","EG12115-MONOMER","b4374(1)","b4374","1","0",1
"536","EG12130-MONOMER_EG12131-MONOMER","b2527() AND b2526()","b2526,b2527","1,1","2",2
"537","EG12134-MONOMER","b0813(1)","b0813","1","0",1
"538","EG12195-MONOMER","b0998(1)","b0998","1","0",1
"539","EG12210-MONOMER","b3620(1)","b3620","1","0",1
"540","EG12221-MONOMER","b3475(1)","b3475","1","0",1
"541","EG12267-MONOMER","b3546(1)","b3546","1","0",1
"542","EG12285-MONOMER","b3581(1)","b3581","1","0",1
"543","EG12287-MONOMER","b3583(1)","b3583","1","0",1
"544","EG12310-MONOMER","b2523(1)","b2523","1","0",1
"545","EG12312-MONOMER","b0103(1)","b0103","1","0",1
"546","EG12318-MONOMER","b0123(1)","b0123","1","0",1
"547","EG12384-MONOMER","b0521(1)","b0521","1","0",1
"548","EG12394-MONOMER","b1778(1)","b1778","1","0",1
"549","EG12407-MONOMER","b0828(1)","b0828","1","0",1
"550","EG12438-MONOMER","b2263(1)","b2263","1","0",1
"551","EG12440-MONOMER","b4233(1)","b4233","1","0",1
"552","EG12445-MONOMER","b2578(1)","b2578","1","0",1
"553","EG12450-MONOMER","b2711(1)","b2711","1","0",1
"554","EG12455-MONOMER","b2835(1)","b2835","1","0",1
"555","EG12666-MONOMER","b0524(1)","b0524","1","0",1
"556","EG12712-MONOMER","b2687(1)","b2687","1","0",1
"557","EG12713-MONOMER","b1473(1)","b1473","1","0",1
"558","EG13236-MONOMER","b0732(1)","b0732","1","0",1
"559","EG50003-MONOMER","b1094(1)","b1094","1","0",1
"560","EIISGA","b2415(1) AND b2416(2) AND b4193(2) AND b4194(1) AND b4195(1)","b2415,b2416,b4193,b4194,b4195","1,2,2,1,1","0",5
"561","Eno_dim","b2779(2)","b2779","2","0",1
"562","ENOYL-ACP-REDUCT-NADH-MONOMER","b1288(1)","b1288","1","0",1
"563","ENTA-CPLX","b0596(8)","b0596","8","0",1
"564","ENTC-MONOMER","b0593(1)","b0593","1","0",1
"565","ENTD-MONOMER","b0583(1)","b0583","1","0",1
"566","ENTE-CPLX","b0594(2)","b0594","2","0",1
"567","ENTF-MONOMER","b0586(1)","b0586","1","0",1
"568","Era_dim","b2566(2)","b2566","2","0",1
"569","ERYTH4PDEHYDROG-CPLX","b2927(4)","b2927","4","0",1
"570","ERYTHRON4PDEHYDROG-MONOMER","b2320(1)","b2320","1","0",1
"571","ETHAMLY-CPLX","b2441(6) AND b2440(6)","b2440,b2441","6,6","0",2
"572","EXUT-MONOMER","b3093(1)","b3093","1","0",1
"573","F16B-CPLX","b4232(4)","b4232","4","0",1
"574","FABA-CPLX","b0954(2)","b0954","2","0",1
"575","FABB-CPLX","b2323(2)","b2323","2","0",1
"576","FABZ-CPLX","b0180()","b0180","1","1",1
"577","FADA-CPLX","b3845(2)","b3845","2","0",1
"578","FADB-CPLX","b3846(2)","b3846","2","0",1
"579","FecI_mono","b4293(1)","b4293","1","0",1
"580","FEOB-MONOMER","b3409(1)","b3409","1","0",1
"581","FGAMSYN-MONOMER","b2557(1)","b2557","1","0",1
"582","FHLMULTI-CPLX","b2719() AND b2722() AND b2720() AND b4079(1) AND b2724() AND b2723() AND b2721()","b2719,b2720,b2721,b2722,b2723,b2724,b4079","1,1,1,1,1,1,1","6",7
"583","FLAVODOXIN1-MONOMER","b0684(1)","b0684","1","0",1
"584","FLAVODOXIN2-MONOMER","b2895(1)","b2895","1","0",1
"585","FLAVONADPREDUCT-MONOMER","b3924(1)","b3924","1","0",1
"586","FliA_mono","b1922(1)","b1922","1","0",1
"587","FMNREDUCT-MONOMER","b3844(1)","b3844","1","0",1
"588","Fmt_mono","b3288(1)","b3288","1","0",1
"589","FOCB-MONOMER","b2492(1)","b2492","1","0",1
"590","FOLC-MONOMER","b2315(1)","b2315","1","0",1
"591","FOLD-CPLX","b0529(2)","b0529","2","0",1
"592","FOLE-CPLX","b2153(10)","b2153","10","0",1
"593","FOLXTET-CPLX","b2303(8)","b2303","8","0",1
"594","FORMATEDEHYDROGN-CPLX","b1475(3) AND b1474(3) AND b1476(3)","b1474,b1475,b1476","3,3,3","0",3
"595","FORMATEDEHYDROGO-CPLX","b3892(1) AND b3893(1) AND b3894(1)","b3892,b3893,b3894","1,1,1","0",3
"596","FORMHYDROG2-CPLX","b2994() AND b2995() AND b2996() AND b2997()","b2994,b2995,b2996,b2997","1,1,1,1","4",4
"597","FORMHYDROGI-CPLX","b0974() AND b0972() AND b0973()","b0972,b0973,b0974","1,1,1","3",3
"598","FORMYLTHFDEFORMYL-CPLX","b1232(6)","b1232","6","0",1
"599","FPPSYN-MONOMER","b0421(1)","b0421","1","0",1
"600","FRUCBISALD-CLASSI","b2097(10)","b2097","10","0",1
"601","FRUCBISALD-CLASSII","b2925(2)","b2925","2","0",1
"602","FUCP-MONOMER","b2801(1)","b2801","1","0",1
"603","FUCULOKIN-MONOMER","b2803(1)","b2803","1","0",1
"604","FUMARASE-A","b1612(2)","b1612","2","0",1
"605","FUMARASE-B","b4122(2)","b4122","2","0",1
"606","FUMARASE-C","b1611(4)","b1611","4","0",1
"607","FUMARATE-REDUCTASE","b4154(1) AND b4152(1) AND b4153(1) AND b4151(1)","b4151,b4152,b4153,b4154","1,1,1,1","0",4
"608","FusA_mono","b3340(1)","b3340","1","0",1
"609","G495-MONOMER","b2901(1)","b2901","1","0",1
"610","G6176-MONOMER_G6177-MONOMER_G6178-MONOMER","b0307() AND b0306() AND b0308()","b0306,b0307,b0308","1,1,1","3",3
"611","G6188-MONOMER","b0323(1)","b0323","1","0",1
"612","G6199-MONOMER","b0334(1)","b0334","1","0",1
"613","G6208-MONOMER","b0355(1)","b0355","1","0",1
"614","G6245-MONOMER","b0444(1)","b0444","1","0",1
"615","G6246-MONOMER","b0446(1)","b0446","1","0",1
"616","G6260-MONOMER","b0484(1)","b0484","1","0",1
"617","G6275-MONOMER","b0505(1)","b0505","1","0",1
"618","G6286-MONOMER","b0517(1)","b0517","1","0",1
"619","G6339-MONOMER","b0613(1)","b0613","1","0",1
"620","G6340-MONOMER","b0614(1)","b0614","1","0",1
"621","G6357-MONOMER","b0650(1)","b0650","1","0",1
"622","G6358-MONOMER","b0651(1)","b0651","1","0",1
"623","G6406-MONOMER","b0789(1)","b0789","1","0",1
"624","G6414-MONOMER_CPLX0-1923","b0805() AND b1252() AND b3005() AND b3006()","b0805,b1252,b3005,b3006","1,1,1,1","4",4
"625","G6425-MONOMER","b0822(1)","b0822","1","0",1
"626","G6437-MONOMER","b0837(1)","b0837","1","0",1
"627","G6439-MONOMER","b0841(1)","b0841","1","0",1
"628","G6502-MONOMER","b0968(1)","b0968","1","0",1
"629","G6519-MONOMER","b1008(1)","b1008","1","0",1
"630","G6520-MONOMER","b1009(1)","b1009","1","0",1
"631","G6521-MONOMER","b1010(1)","b1010","1","0",1
"632","G6522-MONOMER","b1011(1)","b1011","1","0",1
"633","G6523-MONOMER_G6518-MONOMER","b1007() AND b1012()","b1007,b1012","1,1","2",2
"634","G6539-MONOMER","b1033(1)","b1033","1","0",1
"635","G6567-MONOMER","b1107(1)","b1107","1","0",1
"636","G6576-MONOMER","b1119(1)","b1119","1","0",1
"637","G6580-MONOMER","b1134(1)","b1134","1","0",1
"638","G6621-MONOMER","b1192(1)","b1192","1","0",1
"639","G6622-MONOMER","b1193(1)","b1193","1","0",1
"640","G6646-MONOMER","b1302(1)","b1302","1","0",1
"641","G6657-MONOMER","b1319(1)","b1319","1","0",1
"642","G6661-MONOMER","b1325(1)","b1325","1","0",1
"643","G6662-MONOMER","b1326(1)","b1326","1","0",1
"644","G6700-MONOMER","b1377(1)","b1377","1","0",1
"645","G6701-MONOMER","b1378(1)","b1378","1","0",1
"646","G6708-MONOMER","b1387(1)","b1387","1","0",1
"647","G6712-MONOMER","b1391(1)","b1391","1","0",1
"648","G6714-MONOMER","b1393(1)","b1393","1","0",1
"649","G6715-MONOMER","b1394(1)","b1394","1","0",1
"650","G6716-MONOMER","b1395(1)","b1395","1","0",1
"651","G6718-MONOMER","b1397(1)","b1397","1","0",1
"652","G6719-MONOMER","b1398(1)","b1398","1","0",1
"653","G6782-MONOMER","b1488(1)","b1488","1","0",1
"654","G6806-MONOMER","b1519(1)","b1519","1","0",1
"655","G6849-MONOMER","b1591(1)","b1591","1","0",1
"656","G6862-MONOMER","b1606(1)","b1606","1","0",1
"657","G6880-MONOMER","b1640(1)","b1640","1","0",1
"658","G6886-MONOMER","b1646(1)","b1646","1","0",1
"659","G6954-MONOMER","b1759(1)","b1759","1","0",1
"660","G6960-MONOMER","b1773(1)","b1773","1","0",1
"661","G6967-MONOMER","b1781(1)","b1781","1","0",1
"662","G6986-MONOMER","b1800(1)","b1800","1","0",1
"663","G7090-MONOMER_EG11982-MONOMER","b2027() AND b2035()","b2027,b2035","1,1","2",2
"664","G7096-MONOMER","b2045(1)","b2045","1","0",1
"665","G7146-MONOMER","b2174(1)","b2174","1","0",1
"666","G7164-MONOMER","b2251(1)","b2251","1","0",1
"667","G7166-MONOMER","b2253(1)","b2253","1","0",1
"668","G7167-MONOMER","b2254(1)","b2254","1","0",1
"669","G7169-MONOMER","b2256(1)","b2256","1","0",1
"670","G7170-MONOMER","b2257(1)","b2257","1","0",1
"671","G7322-MONOMER_G6561-MONOMER","b2519() AND b1069()","b1069,b2519","1,1","2",2
"672","G7408-MONOMER","b2690(1)","b2690","1","0",1
"673","G7410-MONOMER","b2701(1)","b2701","1","0",1
"674","G7419-MONOMER","b2738(1)","b2738","1","0",1
"675","G7431-MONOMER","b2765(1)","b2765","1","0",1
"676","G7446-MONOMER","b2788(1)","b2788","1","0",1
"677","G7457-MONOMER","b2813(1)","b2813","1","0",1
"678","G7458-MONOMER","b2817(1)","b2817","1","0",1
"679","G7493-MONOMER","b2874(1)","b2874","1","0",1
"680","G7496-MONOMER","b2877(1)","b2877","1","0",1
"681","G7502-MONOMER","b2883(1)","b2883","1","0",1
"682","G7517-MONOMER","b2920(1)","b2920","1","0",1
"683","G7533-MONOMER","b2963(1)","b2963","1","0",1
"684","G7558-MONOMER","b3001(1)","b3001","1","0",1
"685","G7596-MONOMER","b3073(1)","b3073","1","0",1
"686","G7726-MONOMER","b3374(1)","b3374","1","0",1
"687","G7732-MONOMER","b3380(1)","b3380","1","0",1
"688","G7800-MONOMER","b4481(1)","b4481","1","0",1
"689","G7814-MONOMER","b3875(1)","b3875","1","0",1
"690","G7841-MONOMER","b4161(1)","b4161","1","0",1
"691","G7859-MONOMER","b4197(1)","b4197","1","0",1
"692","G7860-MONOMER","b4198(1)","b4198","1","0",1
"693","G7914-MONOMER","b4301(1)","b4301","1","0",1
"694","G7921-MONOMER","b4311(1)","b4311","1","0",1
"695","G7945-MONOMER","b4358(1)","b4358","1","0",1
"696","G7949-MONOMER","b4367(1)","b4367","1","0",1
"697","GABATRANSAM-CPLX","b2662(2)","b2662","2","0",1
"698","GABP-MONOMER","b2663(1)","b2663","1","0",1
"699","GALACTARDEHYDRA-MONOMER","b3128(1)","b3128","1","0",1
"700","GALACTITOLPDEHYD-MONOMER","b2091(1)","b2091","1","0",1
"701","GALACTOKIN-MONOMER","b0757(1)","b0757","1","0",1
"702","GALACTONATE-DEHYDRATASE-MONOMER","b4478(1)","b4478","1","0",1
"703","GALACTURIDYLYLTRANS-CPLX","b0758(2)","b0758","2","0",1
"704","GALP-MONOMER","b2943(1)","b2943","1","0",1
"705","GALPMUT-MONOMER","b2036(1)","b2036","1","0",1
"706","GAPDH-A-CPLX","b1779(4)","b1779","4","0",1
"707","GART-MONOMER","b2500(1)","b2500","1","0",1
"708","GARTRANSFORMYL2-MONOMER","b1849(1)","b1849","1","0",1
"709","GCVMULTI-CPLX","b2904(1) AND b0116(2) AND b2905(1) AND b2903(2)","b0116,b2903,b2904,b2905","2,2,1,1","0",4
"710","GDHA-CPLX","b1761(6)","b1761","6","0",1
"711","GDPMANDEHYDRA-CPLX","b2053(2)","b2053","2","0",1
"712","GKI-MONOMER","b3124(1)","b3124","1","0",1
"713","GLCNACPTRANS-MONOMER","b3784(1)","b3784","1","0",1
"714","GlnS_mono","b0680(1)","b0680","1","0",1
"715","GLPT-MONOMER","b2240(1)","b2240","1","0",1
"716","GLTP-MONOMER","b4077(1)","b4077","1","0",1
"717","GLTS-MONOMER","b3653(1)","b3653","1","0",1
"718","GltX_mono","b2400(1)","b2400","1","0",1
"719","GLU6PDEHYDROG-MONOMER","b1852(1)","b1852","1","0",1
"720","GLUC1PADENYLTRANS-CPLX","b3430(4)","b3430","4","0",1
"721","GLUC1PURIDYLTRANS-MONOMER","b1236(1)","b1236","1","0",1
"722","GLUCARDEHYDRA-MONOMER","b2787(1)","b2787","1","0",1
"723","GLUCDEHYDROG-MONOMER","b0124(1)","b0124","1","0",1
"724","GLUCOKIN-MONOMER","b2388(1)","b2388","1","0",1
"725","GLUCONOKINI-MONOMER","b4268(1)","b4268","1","0",1
"726","GLUCONOKINII-CPLX","b3437(3)","b3437","3","0",1
"727","GLUCONREDUCT-MONOMER","b4266(1)","b4266","1","0",1
"728","GLUCOSAMINE-6-P-DEAMIN-CPLX","b0678(6)","b0678","6","0",1
"729","GLUCOSE-1-PHOSPHAT-CPLX","b1002(2)","b1002","2","0",1
"730","GLUTAMATESYN-CPLX","b3213(4) AND b3212(4)","b3212,b3213","4,4","0",2
"731","GLUTAMIDOTRANS-CPLX","b2025(1) AND b2023(1)","b2023,b2025","1,1","0",2
"732","GLUTAMINESYN-OLIGOMER","b3870(12)","b3870","12","0",1
"733","GLUTAREDOXIN-MONOMER","b0849(1)","b0849","1","0",1
"734","GLUTATHIONE-REDUCT-NADPH-CPLX","b3500(2)","b3500","2","0",1
"735","GLUTATHIONE-SYN-CPLX","b2947(4)","b2947","4","0",1
"736","GLUTCYSLIG-MONOMER","b2688(1)","b2688","1","0",1
"737","GLUTDECARBOXA-CPLX","b3517(6)","b3517","6","0",1
"738","GLUTDECARBOXB-CPLX","b1493(6)","b1493","6","0",1
"739","GLUTKIN-CPLX","b0242(4)","b0242","4","0",1
"740","GLUTRACE-CPLX","b3967(2)","b3967","2","0",1
"741","GLUTSEMIALDEHYDROG-CPLX","b0243(4)","b0243","4","0",1
"742","Gly_RS_tetra","b3559(2) AND b3560(2)","b3559,b3560","2,2","0",2
"743","GLY3KIN-MONOMER","b0514(1)","b0514","1","0",1
"744","GLYC3PDEHYDROGBIOSYN-CPLX","b3608(2)","b3608","2","0",1
"745","GLYCDEH-CPLX","b3945(8)","b3945","8","0",1
"746","GLYCEROL-3-P-ACYLTRANSFER-MONOMER","b4041(1)","b4041","1","0",1
"747","GLYCEROL-KIN-CPLX","b3926(4)","b3926","4","0",1
"748","GLYCOGEN-BRANCH-MONOMER","b3432(1)","b3432","1","0",1
"749","GLYCOGENSYN-MONOMER","b3429(1)","b3429","1","0",1
"750","GLYCOPHOSPHORYL-CPLX","b3428(2)","b3428","2","0",1
"751","GLYCPDIESTER-CYTO-MONOMER","b3449(1)","b3449","1","0",1
"752","GLYCPDIESTER-PERI-CPLX","b2239(2)","b2239","2","0",1
"753","GLYCRIBONUCSYN-MONOMER","b4005(1)","b4005","1","0",1
"754","GLYOCARBOLIG-CPLX","b0507(2)","b0507","2","0",1
"755","GLYOHMETRANS-CPLX","b2551(2)","b2551","2","0",1
"756","GLYOXI-CPLX","b1651(2)","b1651","2","0",1
"757","GLYOXII-MONOMER","b0212(1)","b0212","1","0",1
"758","GMP-REDUCT-CPLX","b0104(4)","b0104","4","0",1
"759","GMP-SYN-CPLX","b2507(2)","b2507","2","0",1
"760","GNTP-MONOMER","b4321(1)","b4321","1","0",1
"761","GNTT-MONOMER","b3415(1)","b3415","1","0",1
"762","GNTU-MONOMER","b4476(1)","b4476","1","0",1
"763","GPH-MONOMER","b3385(1)","b3385","1","0",1
"764","GPT-CPLX","b0238(4)","b0238","4","0",1
"765","GreA_mono","b3181(1)","b3181","1","0",1
"766","GreB_mono","b3406(1)","b3406","1","0",1
"767","GroL_14","b4143(14)","b4143","14","0",1
"768","GrpE_dim","b2614(2)","b2614","2","0",1
"769","GRXB-MONOMER","b1064(1)","b1064","1","0",1
"770","GRXB-MONOMER_EG12237-MONOMER","b1064() AND b3503()","b1064,b3503","1,1","2",2
"771","GRXC-MONOMER","b3610(1)","b3610","1","0",1
"772","GSAAMINOTRANS-CPLX","b0154(2)","b0154","2","0",1
"773","GSP-CPLX","b2988(2)","b2988","2","0",1
"774","GTP-CYCLOHYDRO-II-CPLX","b1277(2)","b1277","2","0",1
"775","GUANYL-KIN-CPLX","b3648(2)","b3648","2","0",1
"776","H2NEOPTERINP3PYROPHOSPHOHYDRO-MONOMER","b1865(1)","b1865","1","0",1
"777","H2PTERIDINEPYROPHOSPHOKIN-MONOMER","b0142(1)","b0142","1","0",1
"778","H2PTEROATESYNTH-CPLX","b3177(2)","b3177","2","0",1
"779","HCAMULTI-CPLX","b2542(1) AND b2540(1) AND b2538(1) AND b2539(1)","b2538,b2539,b2540,b2542","1,1,1,1","0",4
"780","HCAT-MONOMER","b2536(1)","b2536","1","0",1
"781","HEMEOSYN-MONOMER","b0428(1)","b0428","1","0",1
"782","HEMN-MONOMER","b3867(1)","b3867","1","0",1
"783","HEMX-MONOMER","b3803(1)","b3803","1","0",1
"784","His_RS_dim","b2514(2)","b2514","2","0",1
"785","HISTCYCLOPRATPPHOS","b2026(1)","b2026","1","0",1
"786","HISTDEHYD-CPLX","b2020(2)","b2020","2","0",1
"787","HISTPHOSTRANS-CPLX","b2021(2)","b2021","2","0",1
"788","HMP-P-KIN-CPLX","b2103(4)","b2103","4","0",1
"789","HOLO-ACP-SYNTH-CPLX","b2563(2)","b2563","2","0",1
"790","HOMOCYSMET-MONOMER","b3829(1)","b3829","1","0",1
"791","HOMOCYSMETB12-MONOMER","b4019(1)","b4019","1","0",1
"792","HOMOSERKIN-CPLX","b0003(2)","b0003","2","0",1
"793","HOMSUCTRAN-CPLX","b4013(2)","b4013","2","0",1
"794","hRNAP","b3988(1) AND b3295(2) AND b3987(1)","b3295,b3987,b3988","2,1,1","0",3
"795","HYDROG3-CPLX","b2724() AND b2722() AND b2719() AND b2720() AND b2723() AND b2721()","b2719,b2720,b2721,b2722,b2723,b2724","1,1,1,1,1,1","6",6
"796","HYDROPEROXIDI-CPLX","b3942(4)","b3942","4","0",1
"797","HYDROPEROXIDII-CPLX","b1732(6)","b1732","6","0",1
"798","IDONDEHYD-MONOMER","b4267(1)","b4267","1","0",1
"799","IleS_mono","b0026(1)","b0026","1","0",1
"800","IMIDHISTID-CPLX","b2022(2)","b2022","2","0",1
"801","IMP-DEHYDROG-CPLX","b2508(4)","b2508","4","0",1
"802","InfA_mono","b0884(1)","b0884","1","0",1
"803","InfB_mono","b3168(1)","b3168","1","0",1
"804","InfC_mono","b1718(1)","b1718","1","0",1
"805","IPPISOM-MONOMER","b2889(1)","b2889","1","0",1
"806","IscA_tetra","b2528(4)","b2528","4","0",1
"807","IscS","b2530(2)","b2530","2","0",1
"808","IscU","b2529(2)","b2529","2","0",1
"809","ISOCIT-LYASE","b4015(4)","b4015","4","0",1
"810","ISOCITHASE-CPLX","b1136(2)","b1136","2","0",1
"811","KDGT-MONOMER","b3909(1)","b3909","1","0",1
"812","KDO-8PPHOSPHAT-CPLX","b3198(4)","b3198","4","0",1
"813","KDO-8PSYNTH-CPLX","b1215(4)","b1215","4","0",1
"814","KDOTRANS-MONOMER","b3633(1)","b3633","1","0",1
"815","KDPGALDOL-4OH2OXOGLUTARALDOL-CPLX","b1850(3)","b1850","3","0",1
"816","KEFB-MONOMER","b3350(1)","b3350","1","0",1
"817","KETOBUTFORMLY-INACT-MONOMER","b3114(1)","b3114","1","0",1
"818","KGTP-MONOMER","b2587(1)","b2587","1","0",1
"819","KsgA_mono","b0051(1)","b0051","1","0",1
"820","KUP-MONOMER","b3747(1)","b3747","1","0",1
"821","L-ASPARTATE-OXID-MONOMER","b2574(1)","b2574","1","0",1
"822","L-GLN-FRUCT-6-P-AMINOTRANS-CPLX","b3729(2)","b3729","2","0",1
"823","L-LACTDEHYDROGFMN-MONOMER","b3605(1)","b3605","1","0",1
"824","LACTALDREDUCT-CPLX","b2799(2)","b2799","2","0",1
"825","LACY-MONOMER","b0343(1)","b0343","1","0",1
"826","LAUROYLACYLTRAN-MONOMER","b1054(1)","b1054","1","0",1
"827","LCTP-MONOMER","b3603(1)","b3603","1","0",1
"828","LDC2-CPLX","b0186(10)","b0186","10","0",1
"829","LeuS_mono","b0642(1)","b0642","1","0",1
"830","LSERINEDEAM1-MONOMER","b1814(1)","b1814","1","0",1
"831","LSERINEDEAM2-MONOMER","b2797(1)","b2797","1","0",1
"832","LTAA-CPLX","b0870(4)","b0870","4","0",1
"833","LTARTDEHYDRA-CPLX","b3062(2) AND b3061(2)","b3061,b3062","2,2","0",2
"834","LUMAZINESYN-CPLX","b0415(60)","b0415","60","0",1
"835","LYSDECARBOX-CPLX","b4131(10)","b4131","10","0",1
"836","LysI_RS_dim","b2890(2)","b2890","2","0",1
"837","LysII_RS_dim","b4129(2)","b4129","2","0",1
"838","LYSP-MONOMER","b2156(1)","b2156","1","0",1
"839","LYXK-CPLX","b3580(2)","b3580","2","0",1
"840","MALATE-DEHASE","b3236(2)","b3236","2","0",1
"841","MALATE-SYNTHASE","b4014(1)","b4014","1","0",1
"842","MALDEXPHOSPHORYL-CPLX","b3417(2)","b3417","2","0",1
"843","MALIC-NAD-CPLX","b1479(4)","b1479","4","0",1
"844","MALIC-NADP-CPLX","b2463(6)","b2463","6","0",1
"845","MALONYL-COA-ACP-TRANSACYL-MONOMER","b1092()","b1092","1","1",1
"846","MALSYNG-MONOMER","b2976(1)","b2976","1","0",1
"847","MALTACETYLTRAN-CPLX","b0459(2)","b0459","2","0",1
"848","MALTODEXGLUCOSID-MONOMER","b0403(1)","b0403","1","0",1
"849","MANNONDEHYDRAT-MONOMER","b4322(1)","b4322","1","0",1
"850","MANNONOXIDOREDUCT-MONOMER","b4323(1)","b4323","1","0",1
"851","MANNPDEHYDROG-MONOMER","b3600(1)","b3600","1","0",1
"852","MANNPGUANYLTRANGDP-MONOMER","b2049(1)","b2049","1","0",1
"853","MANNPISOM-MONOMER","b1613(1)","b1613","1","0",1
"854","Map_mono","b0168(1)","b0168","1","0",1
"855","MELB-MONOMER","b4120(1)","b4120","1","0",1
"856","MENE-CPLX","b2260(4)","b2260","4","0",1
"857","MENF-CPLX","b2265(2)","b2265","2","0",1
"858","Met_RS_dim","b2114(2)","b2114","2","0",1
"859","METHGLYSYN-CPLX","b0963(6)","b0963","6","0",1
"860","METHYLENETHFREDUCT-CPLX","b3941(4)","b3941","4","0",1
"861","METNIQ-METHIONINE-ABC-CPLX","b0197() AND b0198() AND b0199(2)","b0197,b0198,b0199","1,1,2","2",3
"862","Mfd_mono","b1114(1)","b1114","1","0",1
"863","MGTA-MONOMER","b4242(1)","b4242","1","0",1
"864","MHPCHYDROL-MONOMER","b0349(1)","b0349","1","0",1
"865","MHPDHYDROL-MONOMER","b0350(1)","b0350","1","0",1
"866","MHPELY-MONOMER","b0352(1)","b0352","1","0",1
"867","MHPF-MONOMER","b0351(1)","b0351","1","0",1
"868","MHPHYDROXY-MONOMER","b0347(1)","b0347","1","0",1
"869","MHPT-MONOMER","b0353(1)","b0353","1","0",1
"870","MiaA_dim","b4171(2)","b4171","2","0",1
"871","MiaB_mono","b0661(1)","b0661","1","0",1
"872","MMUM-MONOMER","b0261(1)","b0261","1","0",1
"873","MnmC_mono","b2324(1)","b2324","1","0",1
"874","MnmE_dim","b3706(2)","b3706","2","0",1
"875","MnmEG_cplx","MnmE_dim(1) AND MnmG_dim(1)","MnmE_,MnmG_","NA,NA","0",0
"876","MnmG_dim","b3741(2)","b3741","2","0",1
"877","MONOMER0-148","b3012(1)","b3012","1","0",1
"878","MONOMER0-149","b0207(1)","b0207","1","0",1
"879","MONOMER0-1842","b0131(1)","b0131","1","0",1
"880","MONOMER0-341","b3821(1)","b3821","1","0",1
"881","MTR-MONOMER","b3161(1)","b3161","1","0",1
"882","MYRISTOYLACYLTRAN-MONOMER","b1855(1)","b1855","1","0",1
"883","N-ACETYLGLUTPREDUCT-MONOMER","b3958(1)","b3958","1","0",1
"884","N-ACETYLTRANSFER-CPLX","b2818(6)","b2818","6","0",1
"885","NACGLCTRANS-MONOMER","b0090(1)","b0090","1","0",1
"886","NACMURLALAAMI1-MONOMER","b2435(1)","b2435","1","0",1
"887","NACMURLALAAMI2-MONOMER","b4169(1)","b4169","1","0",1
"888","NAD-SYNTH-CPLX","b1740(2)","b1740","2","0",1
"889","NADH-DHI-CPLX","b2288(1) AND b2283() AND b2284() AND b2277() AND b2280() AND b2285() AND b2279() AND b2281() AND b2286() AND b2278() AND b2282() AND b2276() AND b2287()","b2276,b2277,b2278,b2279,b2280,b2281,b2282,b2283,b2284,b2285,b2286,b2287,b2288","1,1,1,1,1,1,1,1,1,1,1,1,1","12",13
"890","NADH-DHII-MONOMER","b1109(1)","b1109","1","0",1
"891","NAG1P-URIDYLTRANS-CPLX","b3730(3)","b3730","3","0",1
"892","NAG6PDEACET-CPLX","b0677(4)","b0677","4","0",1
"893","NANE-MONOMER","b3223(1)","b3223","1","0",1
"894","NANK-MONOMER","b3222(1)","b3222","1","0",1
"895","NANT-MONOMER","b3224(1)","b3224","1","0",1
"896","NAP-CPLX","b2202() AND b2203() AND b2204() AND b2205() AND b2206()","b2202,b2203,b2204,b2205,b2206","1,1,1,1,1","5",5
"897","NAPAB-CPLX_NAPC-MONOMER","b2202() AND b2203() AND b2206()","b2202,b2203,b2206","1,1,1","3",3
"898","NAPD-MONOMER","b2207(1)","b2207","1","0",1
"899","NARJ-MONOMER","b1226(1)","b1226","1","0",1
"900","NARK-MONOMER","b1223(1)","b1223","1","0",1
"901","NARU-MONOMER","b1469(1)","b1469","1","0",1
"902","NARW-MONOMER","b1466(1)","b1466","1","0",1
"903","NHAB-MONOMER","b1186(1)","b1186","1","0",1
"904","NICONUCADENYLYLTRAN-MONOMER","b0639(1)","b0639","1","0",1
"905","NICOTINAMID-MONOMER","b1768(1)","b1768","1","0",1
"906","NICOTINATEPRIBOSYLTRANS-MONOMER","b0931(1)","b0931","1","0",1
"907","NIRC-MONOMER","b3367(1)","b3367","1","0",1
"908","NITRATREDUCTA-CPLX","b1227(1) AND b1225(1) AND b1224(1)","b1224,b1225,b1227","1,1,1","0",3
"909","NITRATREDUCTZ-CPLX","b1468(1) AND b1465(1) AND b1467(1)","b1465,b1467,b1468","1,1,1","0",3
"910","NITRITREDUCT-CPLX","b3365(2) AND b3366(1)","b3365,b3366","2,1","0",2
"911","NRDACTMULTI-CPLX","b4237(2) AND b4238(2) AND b3924(1)","b3924,b4237,b4238","1,2,2","0",3
"912","NRFMULTI-CPLX","b4071(1) AND b4070(1) AND b4073(1) AND b4072(1)","b4070,b4071,b4072,b4073","1,1,1,1","0",4
"913","NUCLEOSIDE-DIP-KIN-CPLX","b2518(4)","b2518","4","0",1
"914","NUPC-MONOMER","b2393(1)","b2393","1","0",1
"915","NUPG-MONOMER","b2964(1)","b2964","1","0",1
"916","NusA_mono","b3169(1)","b3169","1","0",1
"917","NusB_mono","b0416(1)","b0416","1","0",1
"918","NusG_mono","b3982(1)","b3982","1","0",1
"919","O-SUCCHOMOSERLYASE-CPLX","b3939(4)","b3939","4","0",1
"920","O-SUCCINYLBENZOATE-COA-SYN-MONOMER","b2261(1)","b2261","1","0",1
"921","OCTAPRENYL-METHOXYPHENOL-OH-MONOMER","b2907(1)","b2907","1","0",1
"922","OCTAPRENYL-METHYL-METHOXY-BENZOQ-OH-MON","b0662(1)","b0662","1","0",1
"923","OHMETHYLBILANESYN-MONOMER","b3805(1)","b3805","1","0",1
"924","Orn_dim","b4162(2)","b4162","2","0",1
"925","ORNCARBAMTRANSFERF-CPLX","b0273(3)","b0273","3","0",1
"926","ORNCARBAMTRANSFERI-CPLX","b4254(3)","b4254","3","0",1
"927","ORNDECARBOX-BIO-CPLX","b2965(2)","b2965","2","0",1
"928","ORNDECARBOXDEG-CPLX","b0693(2)","b0693","2","0",1
"929","OROPRIBTRANS-CPLX","b3642(2)","b3642","2","0",1
"930","OROTPDECARB-CPLX","b1281(2)","b1281","2","0",1
"931","PABASYN-COMPI-MONOMER","b1812(1)","b1812","1","0",1
"932","PABASYN-CPLX","b3360(1) AND b1812(1)","b1812,b3360","1,1","0",2
"933","PALMITOTRANS-MONOMER","b2378(1)","b2378","1","0",1
"934","PANF-MONOMER","b3258(1)","b3258","1","0",1
"935","PANTOATE-BETA-ALANINE-LIG-CPLX","b0133(2)","b0133","2","0",1
"936","PANTOTHENATE-KIN-CPLX","b3974(2)","b3974","2","0",1
"937","PAPSSULFOTRANS-CPLX","b2762(2)","b2762","2","0",1
"938","PD04413","b4390(1)","b4390","1","0",1
"939","PDXH-CPLX","b1638(2)","b1638","2","0",1
"940","PDXK-CPLX","b2418(4)","b2418","4","0",1
"941","PDXY-MONOMER","b1636(1)","b1636","1","0",1
"942","PEPCARBOX-CPLX","b3956(4)","b3956","4","0",1
"943","PEPCARBOXYKIN-MONOMER","b3403(1)","b3403","1","0",1
"944","PEPSYNTH-CPLX","b1702(2)","b1702","2","0",1
"945","PFLACTENZ-MONOMER","b0902(1)","b0902","1","0",1
"946","PGAM2-MONOMER","b4395(1)","b4395","1","0",1
"947","PGK","b2926(1)","b2926","1","0",1
"948","PGLUCONDEHYDRAT-MONOMER","b1851(1)","b1851","1","0",1
"949","PGLYCDEHYDROG-CPLX","b2913(4)","b2913","4","0",1
"950","PGMI-MONOMER","b3612(1)","b3612","1","0",1
"951","PGPPHOSPHAA-MONOMER","b0418(1)","b0418","1","0",1
"952","PGPPHOSPHAB-MONOMER","b1278(1)","b1278","1","0",1
"953","Phe_RS_tetra","b1713(2) AND b1714(2)","b1713,b1714","2,2","0",2
"954","PHENDEHYD-CPLX","b1385(2)","b1385","2","0",1
"955","PHENPRODIOLDEHYDROG-MONOMER","b2541(1)","b2541","1","0",1
"956","PHEP-MONOMER","b0576(1)","b0576","1","0",1
"957","PHOSACETYLTRANS-CPLX","b2297(6)","b2297","6","0",1
"958","PHOSGLUCOSAMINEMUT-MONOMER","b3176(1)","b3176","1","0",1
"959","PHOSGLYCMUTASE","b0755(2)","b0755","2","0",1
"960","PHOSMANMUT-MONOMER","b2048(1)","b2048","1","0",1
"961","PHOSNACMURPENTATRANS-MONOMER","b0087(1)","b0087","1","0",1
"962","PHOSPHAGLYPSYN-MONOMER","b1912(1)","b1912","1","0",1
"963","PHOSPHASERSYN-CPLX","b2585()","b2585","1","1",1
"964","PHOSPHOGLUCMUT-MONOMER","b0688(1)","b0688","1","0",1
"965","PITA-MONOMER","b3493(1)","b3493","1","0",1
"966","PITB-MONOMER","b2987(1)","b2987","1","0",1
"967","PKI-COMPLEX","b1676(4)","b1676","4","0",1
"968","PKII-CPLX","b1854(4)","b1854","4","0",1
"969","Pnp_trim","b3164(3)","b3164","3","0",1
"970","PNUC-MONOMER","b0751(1)","b0751","1","0",1
"971","PORPHOBILSYNTH-CPLX","b0369(8)","b0369","8","0",1
"972","POTE-MONOMER","b0692(1)","b0692","1","0",1
"973","PPENTOMUT-MONOMER","b4383(1)","b4383","1","0",1
"974","PPK-CPLX","b2501(4)","b2501","4","0",1
"975","PPPGPPHYDRO-CPLX","b3779(2)","b3779","2","0",1
"976","PPX-CPLX","b2502(2)","b2502","2","0",1
"977","PRAI-IGPS","b1262(1)","b1262","1","0",1
"978","PrfA_mono","b1211(1)","b1211","1","0",1
"979","PrfB_mono","b2891(1)","b2891","1","0",1
"980","PrfC_mono","b4375(1)","b4375","1","0",1
"981","PRIBFAICARPISOM-MONOMER","b2024(1)","b2024","1","0",1
"982","Pro_RS_dim","b0194(2)","b0194","2","0",1
"983","PROPKIN-MONOMER","b3115(1)","b3115","1","0",1
"984","PROTOHEME-FERROCHELAT-MONOMER","b0475(1)","b0475","1","0",1
"985","PRPPAMIDOTRANS-CPLX","b2312(4)","b2312","4","0",1
"986","PRPPSYN-MONOMER","b1207(1)","b1207","1","0",1
"987","PSD-MONOMER","b4160(1)","b4160","1","0",1
"988","PSERPHOSPHA-MONOMER","b4388(1)","b4388","1","0",1
"989","PSERTRANSAM-CPLX","b0907(2)","b0907","2","0",1
"990","PTSI-MONOMER","b2416(1)","b2416","1","0",1
"991","PURE-CPLX","b0523(8)","b0523","8","0",1
"992","PURK-CPLX","b0522(2)","b0522","2","0",1
"993","PUTA-CPLX","b1014(2)","b1014","2","0",1
"994","PUTP-MONOMER","b1015(1)","b1015","1","0",1
"995","PYRNUTRANSHYDROGEN-CPLX","b1602(2) AND b1603(2)","b1602,b1603","2,2","0",2
"996","PYRROLINECARBREDUCT-CPLX","b0386(10)","b0386","10","0",1
"997","PYRUVATEDEH-CPLX","b0114(24) AND b0115(24) AND b0116(12)","b0114,b0115,b0116","24,24,12","0",3
"998","PYRUVFORMLY-INACTIVE-CPLX","b0903(2)","b0903","2","0",1
"999","PYRUVFORMLY-MONOMER_EG11784-MONOMER","b2579(1) AND b0903(1)","b0903,b2579","1,1","0",2
"1000","PYRUVOXID-CPLX","b0871(4)","b0871","4","0",1
"1001","QueA_mono","b0405(1)","b0405","1","0",1
"1002","QueF_dim","b2794(2)","b2794","2","0",1
"1003","QueG_mono","b4166(1)","b4166","1","0",1
"1004","QUINOPRIBOTRANS-CPLX","b0109(2)","b0109","2","0",1
"1005","RbfA_mono","b3167(1)","b3167","1","0",1
"1006","RED-THIOREDOXIN-MONOMER","b3781(1)","b3781","1","0",1
"1007","RED-THIOREDOXIN2-MONOMER","b2582(1)","b2582","1","0",1
"1008","RELA-MONOMER","b2784(1)","b2784","1","0",1
"1009","RFBX-MONOMER","b2037(1)","b2037","1","0",1
"1010","RFFTRANS-MONOMER","b3791(1)","b3791","1","0",1
"1011","RHAMNULOKIN-MONOMER","b3904(1)","b3904","1","0",1
"1012","RHAMNULPALDOL-CPLX","b3902(4)","b3902","4","0",1
"1013","RHAT-MONOMER","b3907(1)","b3907","1","0",1
"1014","RhlB_dim","b3780(2)","b3780","2","0",1
"1015","Rho_hexa","b3783(6)","b3783","6","0",1
"1016","RHTB-MONOMER","b3824(1)","b3824","1","0",1
"1017","RHTC-MONOMER","b3823(1)","b3823","1","0",1
"1018","RIB5PISOMA-CPLX","b2914(2)","b2914","2","0",1
"1019","RIB5PISOMB-CPLX","b4090(2)","b4090","2","0",1
"1020","RIBAZOLEPHOSPHAT-MONOMER","b0638(1)","b0638","1","0",1
"1021","RIBF-MONOMER","b0025(1)","b0025","1","0",1
"1022","RIBONUCLEOSIDE-DIP-REDUCTI-CPLX","b2234(2) AND b2235(2)","b2234,b2235","2,2","0",2
"1023","RIBONUCLEOSIDE-DIP-REDUCTII-CPLX","b2676(2) AND b2675(2)","b2675,b2676","2,2","0",2
"1024","RIBONUCLEOSIDE-TRIP-REDUCT-CPLX","b4238(2)","b4238","2","0",1
"1025","RIBULOKIN-CPLX","b0063(2)","b0063","2","0",1
"1026","RIBULP3EPIM-MONOMER","b3386(1)","b3386","1","0",1
"1027","RIBULPEPIM-CPLX","b0061(4)","b0061","4","0",1
"1028","RimM_mono","b2608(1)","b2608","1","0",1
"1029","RlmB_dim","b4180(2)","b4180","2","0",1
"1030","RlmF_mono","b0807()","b0807","1","1",1
"1031","RlmG_mono","b3084()","b3084","1","1",1
"1032","RlmH_dim","b0636(2)","b0636","2","0",1
"1033","RlmI_dim","b0967(2)","b0967","2","0",1
"1034","RlmL_dim","b0948(2)","b0948","2","0",1
"1035","RlmM_mono","b2806()","b2806","1","1",1
"1036","RlmN_mono","b2517()","b2517","1","1",1
"1037","RluA_mono","b0058(1)","b0058","1","0",1
"1038","RluB_mono","b1269(1)","b1269","1","0",1
"1039","RluC_mono","b1086(1)","b1086","1","0",1
"1040","RluD_mono","b2594(1)","b2594","1","0",1
"1041","RNase_BN_dim","b2268(2)","b2268","2","0",1
"1042","RNase_E_tetra","b1084(4)","b1084","4","0",1
"1043","RNase_G_dim","b3247(2)","b3247","2","0",1
"1044","RNase_III_dim","b2567(2)","b2567","2","0",1
"1045","RNase_P_cplx","b3704(1) AND b3123(1)","b3123,b3704","1,1","0",2
"1046","RNase_T_dim","b1652(2)","b1652","2","0",1
"1047","Rnb_mono","b1286(1)","b1286","1","0",1
"1048","Rnd_mono","b1804(1)","b1804","1","0",1
"1049","Rph_mono","b3643(1)","b3643","1","0",1
"1050","rpL7/12","b3986(2)","b3986","2","0",1
"1051","RplA_mono","b3984(1)","b3984","1","0",1
"1052","RplB_mono","b3317(1)","b3317","1","0",1
"1053","RplC_mono","b3320(1)","b3320","1","0",1
"1054","RplD_mono","b3319(1)","b3319","1","0",1
"1055","RplE_mono","b3308(1)","b3308","1","0",1
"1056","RplF_mono","b3305(1)","b3305","1","0",1
"1057","RplI_mono","b4203(1)","b4203","1","0",1
"1058","RplJ_mono","b3985(1)","b3985","1","0",1
"1059","RplK_mono","b3983(1)","b3983","1","0",1
"1060","RplM_mono","b3231(1)","b3231","1","0",1
"1061","RplN_mono","b3310(1)","b3310","1","0",1
"1062","RplO_mono","b3301(1)","b3301","1","0",1
"1063","RplP_mono","b3313(1)","b3313","1","0",1
"1064","RplQ_mono","b3294(1)","b3294","1","0",1
"1065","RplR_mono","b3304(1)","b3304","1","0",1
"1066","RplS_mono","b2606(1)","b2606","1","0",1
"1067","RplT_mono","b1716(1)","b1716","1","0",1
"1068","RplU_mono","b3186(1)","b3186","1","0",1
"1069","RplV_mono","b3315(1)","b3315","1","0",1
"1070","RplW_mono","b3318(1)","b3318","1","0",1
"1071","RplX_mono","b3309(1)","b3309","1","0",1
"1072","RplY_mono","b2185(1)","b2185","1","0",1
"1073","RpmA_mono","b3185(1)","b3185","1","0",1
"1074","RpmB_mono","b3637(1)","b3637","1","0",1
"1075","RpmC_mono","b3312(1)","b3312","1","0",1
"1076","RpmD_mono","b3302(1)","b3302","1","0",1
"1077","RpmE_mono","b3936(1)","b3936","1","0",1
"1078","RpmF_mono","b1089(1)","b1089","1","0",1
"1079","RpmG_mono","b3636(1)","b3636","1","0",1
"1080","RpmH_mono","b3703(1)","b3703","1","0",1
"1081","RpmI_mono","b1717(1)","b1717","1","0",1
"1082","RpmJ_mono","b3299(1)","b3299","1","0",1
"1083","RPOA-MONOMER","b2010(1)","b2010","1","0",1
"1084","RpoD_mono","b3067(1)","b3067","1","0",1
"1085","RpoE_mono","b2573(1)","b2573","1","0",1
"1086","RpoH_mono","b3461(1)","b3461","1","0",1
"1087","RpoN_mono","b3202(1)","b3202","1","0",1
"1088","RpoS_mono","b2741(1)","b2741","1","0",1
"1089","RpoZ_mono","b3649(1)","b3649","1","0",1
"1090","RpsA_mono","b0911(1)","b0911","1","0",1
"1091","RpsB_mono","b0169(1)","b0169","1","0",1
"1092","RpsC_mono","b3314(1)","b3314","1","0",1
"1093","RpsD_mono","b3296(1)","b3296","1","0",1
"1094","RpsE_mono","b3303(1)","b3303","1","0",1
"1095","RpsF_mono","b4200(1)","b4200","1","0",1
"1096","RpsG_mono","b3341(1)","b3341","1","0",1
"1097","RpsH_mono","b3306(1)","b3306","1","0",1
"1098","RpsI_mono","b3230(1)","b3230","1","0",1
"1099","RpsJ_mono","b3321(1)","b3321","1","0",1
"1100","RpsK_mono","b3297(1)","b3297","1","0",1
"1101","RpsL_mono","b3342(1)","b3342","1","0",1
"1102","RpsM_mono","b3298(1)","b3298","1","0",1
"1103","RpsN_mono","b3307(1)","b3307","1","0",1
"1104","RpsO_mono","b3165(1)","b3165","1","0",1
"1105","RpsP_mono","b2609(1)","b2609","1","0",1
"1106","RpsQ_mono","b3311(1)","b3311","1","0",1
"1107","RpsR_mono","b4202(1)","b4202","1","0",1
"1108","RpsS_mono","b3316(1)","b3316","1","0",1
"1109","RpsT_mono","b0023(1)","b0023","1","0",1
"1110","RpsU_mono","b3065(1)","b3065","1","0",1
"1111","Rrf_mono","b0172(1)","b0172","1","0",1
"1112","RrmA_dim","b1822(2)","b1822","2","0",1
"1113","RrmJ_mono","b3179(1)","b3179","1","0",1
"1114","RsmB_mono","b3289(1)","b3289","1","0",1
"1115","RsmC_mono","b4371(1)","b4371","1","0",1
"1116","RsmD_mono","b3465()","b3465","1","1",1
"1117","RsmF_mono","b1835()","b1835","1","1",1
"1118","RsmG_mono","b3740()","b3740","1","1",1
"1119","RsmH_mono","b0082()","b0082","1","1",1
"1120","RsmI_mono","b3146()","b3146","1","1",1
"1121","RsuA_mono","b2183(1)","b2183","1","0",1
"1122","RumA_mono","b2785(1)","b2785","1","0",1
"1123","RumB_mono","b0859(1)","b0859","1","0",1
"1124","S-ADENMETSYN-CPLX","b2942(4)","b2942","4","0",1
"1125","SAICARSYN-CPLX","b2476(3)","b2476","3","0",1
"1126","SARCOX-MONOMER","b1059(1)","b1059","1","0",1
"1127","SDAC-MONOMER","b2796(1)","b2796","1","0",1
"1128","SelA_deca","b3591(10)","b3591","10","0",1
"1129","SelB_mono","b3590(1)","b3590","1","0",1
"1130","Ser_RS_dim","b0893(2)","b0893","2","0",1
"1131","SHIA-MONOMER","b1981(1)","b1981","1","0",1
"1132","SIROHEMESYN-CPLX","b3368(2)","b3368","2","0",1
"1133","SORB6PDEHYDROG-CPLX","b2705(4)","b2705","4","0",1
"1134","SPED-MONOMER","b0120(1)","b0120","1","0",1
"1135","SPERMACTRAN-CPLX","b1584(4)","b1584","4","0",1
"1136","SPERMIDINESYN-CPLX","b0121(2)","b0121","2","0",1
"1137","SPOT-MONOMER","b3650(1)","b3650","1","0",1
"1138","Sra_mono","b1480(1)","b1480","1","0",1
"1139","SUCC-DEHASE","b0721(1) AND b0723(1) AND b0722(1) AND b0724(1)","b0721,b0722,b0723,b0724","1,1,1,1","0",4
"1140","SUCCARGDIHYDRO-MONOMER","b1745(1)","b1745","1","0",1
"1141","SUCCCOASYN","b0728(2) AND b0729(2)","b0728,b0729","2,2","0",2
"1142","SUCCGLUALDDEHYD-MONOMER","b1746(1)","b1746","1","0",1
"1143","SUCCGLUDESUCC-MONOMER","b1744(1)","b1744","1","0",1
"1144","SUCCORNTRANSAM-CPLX","b1748(2)","b1748","2","0",1
"1145","SULFITE-REDUCT-CPLX","b2764(8) AND b2763(4)","b2763,b2764","4,8","0",2
"1146","SUPEROX-DISMUTFE-CPLX","b1656(2)","b1656","2","0",1
"1147","SUPEROX-DISMUTMN-CPLX","b3908(2)","b3908","2","0",1
"1148","TadA_dim","b2559(2)","b2559","2","0",1
"1149","TDCC-MONOMER","b3116(1)","b3116","1","0",1
"1150","TDK-MONOMER","b1238(1)","b1238","1","0",1
"1151","TDPFUCACTRANS-MONOMER","b3790(1)","b3790","1","0",1
"1152","TETRAACYLDISACC4KIN-MONOMER","b0915(1)","b0915","1","0",1
"1153","Tgt_hexa","b0406(6)","b0406","6","0",1
"1154","THI-P-KIN-MONOMER","b0417(1)","b0417","1","0",1
"1155","THIC-MONOMER","b3994(1)","b3994","1","0",1
"1156","THIE-MONOMER","b3993(1)","b3993","1","0",1
"1157","THIG-MONOMER","b3991(1)","b3991","1","0",1
"1158","THIH-MONOMER_THIF-MONOMER_THII-MONOMER_THIS-MONOMER","b3990() AND b4407() AND b0423() AND b3992()","b0423,b3990,b3992,b4407","1,1,1,1","4",4
"1159","ThiI_mono","b0423(1)","b0423","1","0",1
"1160","THIKIN-MONOMER","b1106(1)","b1106","1","0",1
"1161","THIOESTERII-CPLX","b0452(4)","b0452","4","0",1
"1162","THIOREDOXIN-REDUCT-NADPH-CPLX","b0888()","b0888","1","1",1
"1163","Thr_RS_dim","b1719(2)","b1719","2","0",1
"1164","THREDEHYDCAT-CPLX","b3117(4)","b3117","4","0",1
"1165","THREDEHYDSYN-CPLX","b3772(4)","b3772","4","0",1
"1166","THREODEHYD-CPLX","b3616(4)","b3616","4","0",1
"1167","THRESYN-MONOMER","b0004(1)","b0004","1","0",1
"1168","THYMIDYLATESYN-CPLX","b2827(2)","b2827","2","0",1
"1169","THZ-KIN-MONOMER","b2104(1)","b2104","1","0",1
"1170","Tig_mono","b0436(1)","b0436","1","0",1
"1171","TilS_mono","b0188(1)","b0188","1","0",1
"1172","TMAOREDUCTI-CPLX","b0996() AND b0997(2)","b0996,b0997","1,2","1",2
"1173","TmcA_mono","b2474()","b2474","1","1",1
"1174","TNAB-MONOMER","b3709(1)","b3709","1","0",1
"1175","TPI","b3919(2)","b3919","2","0",1
"1176","TRANS-CPLX-201","b0462() AND b0463() AND b3035()","b0462,b0463,b3035","1,1,1","3",3
"1177","TRANS-CPLX-203","b3577() AND b3579() AND b3578()","b3577,b3578,b3579","1,1,1","3",3
"1178","TRANSALDOLA-MONOMER","b2464(1)","b2464","1","0",1
"1179","TRANSALDOLB-CPLX","b0008(2)","b0008","2","0",1
"1180","transGroES_hepta","b4142(7)","b4142","7","0",1
"1181","TRANSKETOI-CPLX","b2935(2)","b2935","2","0",1
"1182","TRE6PHYDRO-MONOMER","b4239(1)","b4239","1","0",1
"1183","TREHALACYTO-MONOMER","b3519(1)","b3519","1","0",1
"1184","TREHALAPERI-MONOMER","b1197(1)","b1197","1","0",1
"1185","TREHALOSE6PSYN-MONOMER","b1896(1)","b1896","1","0",1
"1186","TREHALOSEPHOSPHASYN-MONOMER","b1897(1)","b1897","1","0",1
"1187","TRKA-MONOMER_SAPD-MONOMER_TRKG-MONOMER","b1363() AND b1291() AND b3290()","b1291,b1363,b3290","1,1,1","3",3
"1188","TRKA-MONOMER_SAPD-MONOMER_TRKH-MONOMER","b3849() AND b1291() AND b3290()","b1291,b3290,b3849","1,1,1","3",3
"1189","TrmA_mono","b3965(1)","b3965","1","0",1
"1190","TrmD_dim","b2607(2)","b2607","2","0",1
"1191","TrmH_dim","b3651(2)","b3651","2","0",1
"1192","TrmJ_dim","b2532(2)","b2532","2","0",1
"1193","TrmU_mono","b1133(1)","b1133","1","0",1
"1194","Trp_RS_dim","b3384(2)","b3384","2","0",1
"1195","TruA_dim","b2318(2)","b2318","2","0",1
"1196","TruB_mono","b3166(1)","b3166","1","0",1
"1197","TruD_mono","b2745(1)","b2745","1","0",1
"1198","TRYPSYN","b1260(2) AND b1261(2)","b1260,b1261","2,2","0",2
"1199","TRYPTOPHAN-CPLX","b3708(4)","b3708","4","0",1
"1200","TSA-REDUCT-MONOMER","b3125(1)","b3125","1","0",1
"1201","Tsf_mono","b0170(1)","b0170","1","0",1
"1202","TufA_mono","b3339(1)","b3339","1","0",1
"1203","TufB_mono","b3980(1)","b3980","1","0",1
"1204","Tyr_RS_dim","b1637(2)","b1637","2","0",1
"1205","TYRB-DIMER","b4054(2)","b4054","2","0",1
"1206","TYRP-MONOMER","b1907(1)","b1907","1","0",1
"1207","UBIX-MONOMER_DHHB-METHYLTRANSFER-MONOMER","b2311() AND b2232()","b2232,b2311","1,1","2",2
"1208","UDHA-CPLX","b3962(8)","b3962","8","0",1
"1209","UDK-MONOMER","b2066(1)","b2066","1","0",1
"1210","UDP-NACMUR-ALA-LIG-MONOMER","b0091(1)","b0091","1","0",1
"1211","UDP-NACMURALA-GLU-LIG-MONOMER","b0088(1)","b0088","1","0",1
"1212","UDP-NACMURALGLDAPAALIG-MONOMER","b0086(1)","b0086","1","0",1
"1213","UDP-NACMURALGLDAPLIG-MONOMER","b0085(1)","b0085","1","0",1
"1214","UDPACYLGLCNACDEACETYL-MONOMER","b0096(1)","b0096","1","0",1
"1215","UDPGLCNACEPIM-MONOMER","b3786(1)","b3786","1","0",1
"1216","UDPGLUCEPIM-CPLX","b0759(2)","b0759","2","0",1
"1217","UDPHYDROXYMYRGLUCOSAMNACETYLTRANS-MONO","b0179(1)","b0179","1","0",1
"1218","UDPMANACATRANS-MONOMER","b3794(1)","b3794","1","0",1
"1219","UDPMANNACADEHYDROG-MONOMER","b3787(1)","b3787","1","0",1
"1220","UDPNACETYLGLUCOSAMACYLTRANS-CPLX","b0181(3)","b0181","3","0",1
"1221","UDPNACETYLGLUCOSAMENOLPYRTRANS-MONOMER","b3189(1)","b3189","1","0",1
"1222","UDPNACETYLMURAMATEDEHYDROG-MONOMER","b3972(1)","b3972","1","0",1
"1223","UGD-MONOMER","b2028(1)","b2028","1","0",1
"1224","UHPT-MONOMER","b3666(1)","b3666","1","0",1
"1225","UMPKI-CPLX","b0171(6)","b0171","6","0",1
"1226","UPPSYN-CPLX","b0174(2)","b0174","2","0",1
"1227","URAA-MONOMER","b2497(1)","b2497","1","0",1
"1228","URACIL-PRIBOSYLTRANS-CPLX","b2498(3)","b2498","3","0",1
"1229","UROGENDECARBOX-MONOMER","b3997(1)","b3997","1","0",1
"1230","UROGENIIISYN-MONOMER","b3804(1)","b3804","1","0",1
"1231","URPHOS-CPLX","b3831(6)","b3831","6","0",1
"1232","USHA-MONOMER","b0480(1)","b0480","1","0",1
"1233","UXAC-MONOMER","b3092(1)","b3092","1","0",1
"1234","VALINE-PYRUVATE-AMINOTRANSFER-MONOMER","b3572(1)","b3572","1","0",1
"1235","ValS_mono","b4258(1)","b4258","1","0",1
"1236","XANTHOSINEPHOSPHORY-CPLX","b2407(6)","b2407","6","0",1
"1237","XAPB-MONOMER","b2406(1)","b2406","1","0",1
"1238","XASA-MONOMER","b1492(1)","b1492","1","0",1
"1239","XYLE-MONOMER","b4031(1)","b4031","1","0",1
"1240","XYLISOM-CPLX","b3565(4)","b3565","4","0",1
"1241","YAAJ-MONOMER","b0007(1)","b0007","1","0",1
"1242","YADQ-MONOMER","b0155(1)","b0155","1","0",1
"1243","YBDA-MONOMER","b0591(1)","b0591","1","0",1
"1244","YccK_mono","b0969(1)","b0969","1","0",1
"1245","YCHM-MONOMER","b1206(1)","b1206","1","0",1
"1246","YdaO_mono","b1344(1)","b1344","1","0",1
"1247","YDEA-MONOMER","b1528(1)","b1528","1","0",1
"1248","YDGEF-CPLX","b1599() AND b1600()","b1599,b1600","1,1","2",2
"1249","YEAV-MONOMER","b1801(1)","b1801","1","0",1
"1250","YecO_mono","b1870(1)","b1870","1","0",1
"1251","YecP_mono","b1871(1)","b1871","1","0",1
"1252","YFEP-MONOMER","b2392(1)","b2392","1","0",1
"1253","YfiC_mono","b2575()","b2575","1","1",1
"1254","YGFO-MONOMER","b2882(1)","b2882","1","0",1
"1255","YGGA-MONOMER","b2923(1)","b2923","1","0",1
"1256","YggH_mono","b2960(1)","b2960","1","0",1
"1257","YggJ_dim","b2946(2)","b2946","2","0",1
"1258","YGJE-MONOMER","b3063(1)","b3063","1","0",1
"1259","YGJU-MONOMER","b3089(1)","b3089","1","0",1
"1260","YHAU-MONOMER","b3127(1)","b3127","1","0",1
"1261","YheL_mono","b3343(1)","b3343","1","0",1
"1262","YheLMN_cplx","YheL_mono(2) AND YheM_mono(2) AND YheN_mono(2)","YheL_,YheM_,YheN_","NA,NA,NA","0",0
"1263","YheM_mono","b3344(1)","b3344","1","0",1
"1264","YheN_mono","b3345(1)","b3345","1","0",1
"1265","YHFM-MONOMER","b3370(1)","b3370","1","0",1
"1266","YHHO-MONOMER","b3469(1)","b3469","1","0",1
"1267","YhhP_mono","b3470(1)","b3470","1","0",1
"1268","YHIP-MONOMER","b3496(1)","b3496","1","0",1
"1269","YICE-MONOMER","b3654(1)","b3654","1","0",1
"1270","YIDK-MONOMER","b3679(1)","b3679","1","0",1
"1271","YIDT-MONOMER","b3691(1)","b3691","1","0",1
"1272","YjbC_mono","b4022(1)","b4022","1","0",1
"1273","YJCG-MONOMER","b4067(1)","b4067","1","0",1
"1274","YJDL-MONOMER","b4130(1)","b4130","1","0",1
"1275","YJGT-MONOMER","b4265(1)","b4265","1","0",1
"1276","YJIZ-MONOMER","b4356(1)","b4356","1","0",1
"1277","YmfC_mono","b1135(1)","b1135","1","0",1
"1278","YNFJ-MONOMER","b1592(1)","b1592","1","0",1
"1279","YqcB_mono","b2791(1)","b2791","1","0",1
"1280","YRBG-MONOMER","b3196(1)","b3196","1","0",1
"1281","YrdC_mono","b3282(1)","b3282","1","0",1
